Date,Site,Tree_ID,X,Y,Species,DBH1,DBH2,DBH3,DBH4,Basal1,Basal2,Basal3,Can1,Can2,Ht
7/10/2017,Four Seasons,F1,714428.778,9753761.849,ACAROB,9,NA,NA,NA,12.5,NA,NA,3.4,3.1,3.2
7/10/2017,Four Seasons,F10,714376.5749,9753882.844,ACAROB,16.2,11.4,NA,NA,26.4,NA,NA,5.1,5.9,4.8
7/10/2017,Four Seasons,F11,714376.4092,9753884.512,ACAROB,9,11.2,NA,NA,22.3,NA,NA,4.5,5.2,4.6
7/10/2017,Four Seasons,F12,714364.274,9753903.578,ACAROB,15.2,13.5,18,NA,33.5,26.7,NA,9.2,9.7,9.2
7/10/2017,Four Seasons,F13,714357.4302,9753918.567,ACAROB,9,17,NA,NA,23,NA,NA,3.6,4.4,4
7/10/2017,Four Seasons,F14,714353.7207,9753920.065,ACAROB,11.8,NA,NA,NA,19.2,NA,NA,3,3.5,3.8
7/10/2017,Four Seasons,F15,714357.0231,9753935.3,ACAROB,12.2,NA,NA,NA,17.1,NA,NA,4.6,4.5,4.4
7/10/2017,Four Seasons,F16,714353.6679,9753943.823,ACAROB,9.8,NA,NA,NA,24.5,NA,NA,4.4,4.2,3.8
7/10/2017,Four Seasons,F17,714354.228,9753944.286,ACAROB,13.2,NA,NA,NA,14.9,NA,NA,1.4,1.8,3.6
7/10/2017,Four Seasons,F18,714357.1009,9753944.848,ACAROB,10.4,NA,NA,NA,20.2,NA,NA,4.3,2.4,2.8
7/10/2017,Four Seasons,F19,714356.3713,9753950.318,ACAROB,10.2,8.3,NA,NA,15.2,NA,NA,3.5,3.8,3.4
7/10/2017,Four Seasons,F2,714424.3554,9753767.259,ACAROB,8.5,NA,NA,NA,15.2,NA,NA,2.9,2.2,3.4
7/10/2017,Four Seasons,F20,714346.5529,9753951.091,ACAROB,8,8.2,NA,NA,17.4,11.2,NA,3.9,2.7,2.2
7/10/2017,Four Seasons,F21,714342.8699,9753951.43,ACAROB,13.5,NA,NA,NA,18.8,NA,NA,4.5,3.8,4.2
7/10/2017,Four Seasons,F22,714339.0263,9753957.386,ACAROB,16.1,NA,NA,NA,24.5,NA,NA,2.9,3.2,3.6
7/10/2017,Four Seasons,F23,714335.9193,9753991.846,ACAROB,10.2,8.3,NA,NA,14.6,13.2,NA,2.8,2.3,3.2
7/10/2017,Four Seasons,F24,714315.7125,9753999.659,ACAROB,8.5,5.4,NA,NA,13.3,11.9,NA,4.4,4.8,4.2
7/10/2017,Four Seasons,F25,714290.2792,9754040.026,ACAROB,11.8,7,NA,NA,31.5,10.4,NA,3.8,4.6,4
7/10/2017,Four Seasons,F26,714276.1125,9754060.151,ACAROB,11.4,11,NA,NA,26.1,NA,NA,2.8,4.2,3
7/10/2017,Four Seasons,F27,714273.897,9754070.258,ACAROB,14.1,9,NA,NA,31.4,NA,NA,3.7,4,3.8
7/10/2017,Four Seasons,F28,714269.0475,9754084.327,ACAROB,20.1,NA,NA,NA,38,NA,NA,1.5,2.6,3.2
7/10/2017,Four Seasons,F29,714260.3939,9754105.919,ACAROB,9.1,5.4,17.6,NA,36.7,NA,NA,5.6,4.5,6.8
7/10/2017,Four Seasons,F3,714411.9624,9753803.03,ACAROB,16,NA,NA,NA,21.5,NA,NA,1.5,2.3,2.4
7/10/2017,Four Seasons,F30,714263.2555,9754119.226,ACAROB,3.5,4.4,4.7,NA,11.8,7.2,NA,1.4,2.1,2
7/10/2017,Four Seasons,F31,714248.1738,9754117.133,ACAROB,13.4,NA,NA,NA,19.4,NA,NA,2.8,2.4,5.2
7/10/2017,Four Seasons,F32,714250.4733,9754128.476,ACAROB,7.5,10.2,NA,NA,22.4,NA,NA,2.2,2.4,3.4
7/10/2017,Four Seasons,F33,714255.7264,9754130.768,ACAROB,7.1,9,NA,NA,17.4,NA,NA,2.1,3,4.2
7/10/2017,Four Seasons,F34,714248.5039,9754134.272,ACAROB,12.8,6.1,10.4,NA,16.2,13.8,NA,2.7,4.2,4.6
7/10/2017,Four Seasons,F35,714254.675,9754139.696,ACAROB,10.2,9.4,NA,NA,16.8,NA,NA,3.6,2.2,3.4
7/10/2017,Four Seasons,F36,714253.8104,9754141.653,ACAROB,8.2,NA,NA,NA,18,NA,NA,3.2,3.4,3.3
7/10/2017,Four Seasons,F37,714242.7413,9754141.724,ACAROB,11,4.7,NA,NA,20.2,NA,NA,3.4,5,6.2
7/10/2017,Four Seasons,F38,714238.1748,9754136.751,ACAROB,7.8,11.2,NA,NA,16.1,12.1,NA,2.8,3.4,4.2
7/10/2017,Four Seasons,F39,714234.9808,9754133.103,ACAROB,7.4,6.2,NA,NA,15.7,NA,NA,2.4,2.3,3.2
7/10/2017,Four Seasons,F4,714408.0139,9753807.086,ACAROB,5.5,5.8,4,NA,10.4,12.2,NA,1,1.2,3
7/10/2017,Four Seasons,F40,714234.0496,9754141.253,ACAROB,8.2,9.3,NA,NA,16.8,NA,NA,2.9,2.4,2.8
7/10/2017,Four Seasons,F41,714232.7677,9754173.616,ACAROB,10.1,NA,NA,NA,16.4,NA,NA,2.2,3,4.8
7/10/2017,Four Seasons,F42,714236.8135,9754179.794,ACAROB,10.4,9.2,NA,NA,21.5,NA,NA,3.2,4,3.2
7/10/2017,Four Seasons,F43,714238.6599,9754186.873,ACAROB,15.2,9.6,NA,NA,22.4,NA,NA,2.4,1.5,1.8
7/10/2017,Four Seasons,F44,714234.8081,9754186.48,ACAROB,8.4,NA,NA,NA,15.2,NA,NA,0.5,0.3,4.2
7/10/2017,Four Seasons,F45,714233.9277,9754183.617,ACAROB,7,NA,NA,NA,15,NA,NA,3.4,3.6,2.2
7/10/2017,Four Seasons,F46,714231.3536,9754190.498,ACAROB,11.2,7.2,NA,NA,14.3,12,NA,3.1,2.7,3.4
7/10/2017,Four Seasons,F47,714229.0177,9754194.126,ACAROB,26.5,19.6,10.8,NA,42.7,NA,NA,8.2,9.8,7.8
7/10/2017,Four Seasons,F48,714215.3506,9754225.624,ACAROB,11.8,18.4,NA,NA,30.5,NA,NA,5.3,3.6,5.4
7/10/2017,Four Seasons,F49,714221.153,9754234.33,ACAROB,14.4,5.3,NA,NA,23.4,NA,NA,4.2,6.1,6.2
7/10/2017,Four Seasons,F5,714405.7017,9753814.616,ACAROB,16.3,NA,NA,NA,25.3,NA,NA,1.7,2.2,3.1
7/10/2017,Four Seasons,F50,714157.4396,9754339.173,ACAROB,10.2,12.1,NA,NA,22.4,NA,NA,5.8,5.4,5
7/10/2017,Four Seasons,F51,714157.6739,9754340.109,COMAFR,10.5,NA,NA,NA,13.2,NA,NA,1.6,2.1,5.2
7/10/2017,Four Seasons,F52,714148.9593,9754343.467,ACAROB,12.2,NA,NA,NA,18.8,NA,NA,3.3,3.3,5.4
7/10/2017,Four Seasons,F53,714138.2097,9754373.969,ACAROB,5.5,9.8,NA,NA,21.1,NA,NA,4,4.3,4.2
7/10/2017,Four Seasons,F54,714134.3843,9754372.417,ACAROB,9.2,5.7,NA,NA,18.3,NA,NA,3.3,3.9,4.4
7/10/2017,Four Seasons,F55,714133.0878,9754372.233,ACAROB,9.6,NA,NA,NA,11.1,NA,NA,2.4,2.2,2.4
7/10/2017,Four Seasons,F56,714129.7693,9754380.33,ACAROB,20.4,NA,NA,NA,31.5,NA,NA,2.5,2.7,4.4
7/10/2017,Four Seasons,F57,714129.5282,9754381.332,COMAFR,NA,NA,NA,NA,7.5,NA,NA,1,0.5,1.3
7/10/2017,Four Seasons,F58,714127.6636,9754424.671,ACAROB,13,NA,NA,NA,17.2,NA,NA,2,2.3,3.6
7/10/2017,Four Seasons,F59,714102.706,9754472.369,ACAROB,11.7,7.5,8.2,NA,15.4,31.8,NA,4,3.7,3.2
7/10/2017,Four Seasons,F6,714400.4051,9753836.12,ACAROB,10.2,9,NA,NA,17.8,16,12.8,1.8,1.5,2.8
7/10/2017,Four Seasons,F60,714095.6564,9754472.573,ACAROB,14.2,15.1,NA,NA,20.4,21.3,NA,5.1,5.4,5.8
7/10/2017,Four Seasons,F61,714064.9185,9754514.152,ACAROB,11.4,23.2,NA,NA,42.2,NA,NA,6.7,6.2,7
7/10/2017,Four Seasons,F62,714075.3859,9754517.531,ACAROB,15.1,NA,NA,NA,21.3,NA,NA,5.6,4.3,6.2
7/10/2017,Four Seasons,F63,714047.5386,9754573.214,COMAFR,7.5,NA,NA,NA,12.8,NA,NA,1.2,0.8,2.8
7/10/2017,Four Seasons,F7,714394.8561,9753850.032,ACAROB,13.1,16.2,10.7,NA,20.8,16.5,NA,4.1,4.5,4.2
7/10/2017,Four Seasons,F8,714390.2676,9753849.704,ACAROB,8.3,6.2,NA,NA,18.2,NA,NA,2.4,2.8,3.8
7/10/2017,Four Seasons,F9,714381.3552,9753865.938,ACAROB,17,12.7,NA,NA,25.4,NA,NA,2.4,2.7,4
6/23/2017,Four Seasons,Tag 949,714397.0993,9753804.05,ACAROB,11.5,NA,NA,NA,17.2,NA,NA,6.3,5.5,NA
6/23/2017,Four Seasons,Tag 950,714410.3723,9753756.552,ACATOR,13.4,NA,NA,NA,20.2,NA,NA,3.4,2.8,4.8
6/23/2017,Four Seasons,Tag 951,714378.7253,9753844.306,ACAROB,17.6,NA,NA,NA,29.5,NA,NA,7.8,7.1,NA
6/23/2017,Four Seasons,Tag 952,714371.6006,9753872.727,ACATOR,13.6,NA,NA,NA,19,NA,NA,NA,NA,4.8
6/23/2017,Four Seasons,Tag 953,714399.2268,9753897.785,ACATOR,13.5,NA,NA,NA,19.4,NA,NA,2.5,5,4
6/23/2017,Four Seasons,Tag 954,714261.7419,9754009.899,ACATOR,16.8,NA,NA,NA,26,NA,NA,5.5,5.2,3.8
6/23/2017,Four Seasons,Tag 955,714283.9966,9754077.735,ACAROB,17.6,NA,NA,NA,27.1,NA,NA,5.7,6.2,5.8
6/23/2017,Four Seasons,Tag 956,714247.4989,9754185.916,ACAROB,16.5,NA,NA,NA,25,NA,NA,7.5,7,NA
6/23/2017,Four Seasons,Tag 957,714199.0413,9754240.375,ACAROB,14,NA,NA,NA,20.3,NA,NA,4.8,5.2,NA
6/23/2017,Four Seasons,Tag 958,714129.7082,9754197.639,ACATOR,8.7,NA,NA,NA,18.1,NA,NA,3.8,3.2,4
6/23/2017,Four Seasons,Tag 959,714113.6934,9754223.68,ACATOR,12,NA,NA,NA,21.3,NA,NA,3.6,4,3.4
6/23/2017,Four Seasons,Tag 960,714192.4712,9754293.63,ACAROB,14.3,NA,NA,NA,20.8,NA,NA,6.1,6.8,NA
6/23/2017,Four Seasons,Tag 961,714150.1593,9754362.654,ACAROB,19.1,NA,NA,NA,27,NA,NA,6.8,7,NA
6/23/2017,Four Seasons,Tag 962,714123.9565,9754392.222,ACAROB,17.1,NA,NA,NA,22.5,NA,NA,5.4,5.7,5.4
6/23/2017,Four Seasons,Tag 963,714064.7704,9754500.72,ACAROB,28.6,NA,NA,NA,34.2,NA,NA,6.6,7.4,7.4
6/23/2017,Four Seasons,Tag 964,714141.9768,9754645.74,ACATOR,16.3,NA,NA,NA,23,NA,NA,4.4,5,4.3
6/24/2017,Four Seasons,Tag 965,714292.9073,9754650.74,ACATOR,11.6,NA,NA,NA,14.8,NA,NA,3.7,3.3,4.2
6/23/2017,Four Seasons,Tag 966,714257.1333,9754158.344,ACAROB,13,NA,NA,NA,17.5,NA,NA,5.3,4.7,NA
6/23/2017,Four Seasons,Tag 967,714292.9073,9754138.729,ACATOR,7.9,NA,NA,NA,12.1,NA,NA,3.2,2.1,3.2
6/23/2017,Four Seasons,Tag 968,714419.9582,9753991.505,ACATOR,12.2,NA,NA,NA,18.5,NA,NA,3.8,2.9,3.7
10/6/2017,Ikoma,Ik1,693419.2742,9756669.272,ACAROB,20.4,NA,NA,NA,29.8,NA,NA,7.8,4.4,7.2
10/6/2017,Ikoma,Ik10,693343.4841,9756724.186,ACAROB,10.4,NA,NA,NA,12.5,NA,NA,2.6,2,4.4
10/6/2017,Ikoma,Ik11,693342.1042,9756724.234,ACAROB,15.4,NA,NA,NA,25,NA,NA,5.1,4.8,8.2
10/6/2017,Ikoma,Ik12,693343.7951,9756726.994,ACAROB,15.6,NA,NA,NA,18.2,NA,NA,3.2,5.3,3.8
10/6/2017,Ikoma,Ik13,693343.809,9756730.915,ACAROB,15.2,NA,NA,NA,16.4,NA,NA,5.8,3.8,4.4
10/6/2017,Ikoma,Ik14,693342.5504,9756731.176,ACAROB,10.3,NA,NA,NA,14.2,NA,NA,4.7,2.6,4.2
10/6/2017,Ikoma,Ik15,693339.5027,9756724.293,ACAROB,7.2,NA,NA,NA,10.3,NA,NA,2.3,2.1,3.8
10/6/2017,Ikoma,Ik16,693338.2845,9756727.168,ACAROB,11.6,NA,NA,NA,25.7,NA,NA,4,2.8,3.6
10/6/2017,Ikoma,Ik17,693336.2241,9756727.402,ACAROB,13.1,NA,NA,NA,19.8,NA,NA,4.1,4.7,5.8
10/6/2017,Ikoma,Ik18,693333.9667,9756726.58,ACAROB,12.4,NA,NA,NA,16.5,NA,NA,4.1,3.3,4.8
10/6/2017,Ikoma,Ik19,693330.379,9756728.437,ACAROB,11,NA,NA,NA,14,NA,NA,2.6,3,5.2
10/6/2017,Ikoma,Ik2,693419.6663,9756669.67,ACAROB,18.8,11.6,NA,NA,36.7,NA,NA,5.4,6,6.6
10/6/2017,Ikoma,Ik20,693331.7614,9756722.522,ACAROB,14.1,NA,NA,NA,20.1,NA,NA,4.5,4.5,5.4
10/6/2017,Ikoma,Ik21,693331.264,9756719.844,ACAROB,11.3,NA,NA,NA,17.6,NA,NA,4.4,3.7,5.8
10/6/2017,Ikoma,Ik22,693338.1586,9756715.137,ACAROB,9.6,NA,NA,NA,15.6,NA,NA,2.1,2.5,4.6
10/6/2017,Ikoma,Ik23,693318.9663,9756728.822,ACAROB,12.3,15,NA,NA,18,NA,NA,7.5,8.2,6.2
10/6/2017,Ikoma,Ik24,693319.6589,9756739.035,ACAROB,13.1,16.4,NA,NA,22.2,NA,NA,6.1,7.9,6.4
10/6/2017,Ikoma,Ik25,693318.9802,9756740.788,ACAROB,15,NA,NA,NA,21.5,NA,NA,6.2,6.6,7.6
10/6/2017,Ikoma,Ik26,693320.1247,9756738.645,ACAROB,16.3,8.5,NA,NA,30.7,NA,NA,6.5,7,8.8
10/6/2017,Ikoma,Ik27,693315.5224,9756742.117,ACAROB,10.8,9,NA,NA,19,NA,NA,3.9,4.4,4.8
10/6/2017,Ikoma,Ik28,693309.1438,9756733.477,ACAROB,12.4,NA,NA,NA,18.1,NA,NA,3.7,4.2,6.2
10/6/2017,Ikoma,Ik29,693312.9466,9756732.11,ACAROB,9.9,NA,NA,NA,22.5,NA,NA,2.8,2.6,6.6
10/6/2017,Ikoma,Ik3,693402.4183,9756679.59,ACAROB,13,15.2,NA,NA,25.4,NA,NA,5.6,5,6.2
10/6/2017,Ikoma,Ik30,693296.4434,9756757.007,ACAROB,13.4,NA,NA,NA,16.8,NA,NA,3.6,6.2,4.4
10/6/2017,Ikoma,Ik31,693294.1088,9756754.034,ACAROB,9.2,10,NA,NA,21.8,NA,NA,6,5.7,5.8
10/6/2017,Ikoma,Ik32,693296.364,9756752.966,ACAROB,10.6,10.8,NA,NA,15.4,NA,NA,5.1,5.6,7.4
10/6/2017,Ikoma,Ik33,693294.5713,9756750.854,ACAROB,13.4,NA,NA,NA,18.3,NA,NA,4.3,4.8,6.2
10/6/2017,Ikoma,Ik34,693293.3385,9756749.123,ACAROB,9.5,NA,NA,NA,15.1,NA,NA,3.9,2.8,5.2
10/6/2017,Ikoma,Ik35,693293.8029,9756747.565,ACAROB,10.6,NA,NA,NA,18.4,NA,NA,3.8,3.1,5.8
10/6/2017,Ikoma,Ik36,693299.6466,9756745.269,ACAROB,14.2,NA,NA,NA,28,NA,NA,3.1,4.1,6.2
10/6/2017,Ikoma,Ik37,693284.7841,9756753.786,ACAROB,9.2,NA,NA,NA,11.5,NA,NA,2.3,2.2,4.4
10/6/2017,Ikoma,Ik38,693284.0176,9756752.164,ACAROB,7.3,NA,NA,NA,12.2,NA,NA,1.9,1.8,3.8
10/6/2017,Ikoma,Ik39,693268.9504,9756769.005,ACAROB,27.4,27,NA,NA,32,NA,NA,7.9,7.1,8.8
10/6/2017,Ikoma,Ik4,693399.1223,9756675.682,ACAROB,13,21.7,NA,NA,44.2,NA,NA,8.6,9.8,6.4
10/6/2017,Ikoma,Ik40,693268.8196,9756768.875,COMAFR,9,6.4,NA,NA,11.2,7.4,NA,3.2,1.7,3.6
10/6/2017,Ikoma,Ik41,693266.332,9756770.5,ACAROB,15.6,NA,NA,NA,19,NA,NA,3.7,3.2,6.6
10/6/2017,Ikoma,Ik42,693259.4924,9756782.419,ACAROB,15.7,12.4,NA,NA,28.4,NA,NA,4.3,4.7,6.4
10/6/2017,Ikoma,Ik43,693247.294,9756780.728,ACAROB,11.8,NA,NA,NA,16.4,NA,NA,5.7,5.2,5.4
10/6/2017,Ikoma,Ik44,693246.1256,9756786.235,ACAROB,9.8,NA,NA,NA,16.5,NA,NA,3.7,3.8,5.8
10/6/2017,Ikoma,Ik45,693253.5687,9756788.098,ACAROB,6,NA,NA,NA,10,NA,NA,2,2.4,3.2
10/6/2017,Ikoma,Ik46,693247.372,9756791.6,ACAROB,13.2,NA,NA,NA,17.2,NA,NA,4.2,3.6,5.8
10/6/2017,Ikoma,Ik47,693245.9632,9756790.934,ACAROB,12.1,NA,NA,NA,14.5,NA,NA,5,3.9,5.2
10/6/2017,Ikoma,Ik48,693242.7289,9756791.995,ACAROB,10.3,NA,NA,NA,17.4,NA,NA,2.6,5.4,4.6
10/6/2017,Ikoma,Ik49,693249.4283,9756795.898,ACAROB,8.4,14.3,NA,NA,23.5,NA,NA,6.3,5.5,5.6
10/6/2017,Ikoma,Ik5,693388.7323,9756697.495,ACAROB,11.4,12.1,NA,NA,20.3,NA,NA,4,2.7,6.2
10/6/2017,Ikoma,Ik50,693249.6991,9756796.185,ACAROB,11.5,10,NA,NA,17.5,NA,NA,4.4,5.2,5.8
10/6/2017,Ikoma,Ik51,693250.7566,9756799.401,ACAROB,6.6,9.3,NA,NA,17.8,NA,NA,3.8,3.4,3.8
10/6/2017,Ikoma,Ik52,693233.5922,9756801.024,ACAROB,13.2,NA,NA,NA,23.2,NA,NA,3.7,4.2,4.4
10/6/2017,Ikoma,Ik53,693227.2186,9756804.832,ACAROB,14.6,NA,NA,NA,25.6,NA,NA,4.5,5.5,5.6
10/6/2017,Ikoma,Ik54,693223.0691,9756804.679,ACAROB,17.3,13.3,NA,NA,23.4,NA,NA,4.8,6.3,6.2
10/6/2017,Ikoma,Ik55,693208.5484,9756818.507,ACAROB,8.8,10,10.8,NA,31.5,NA,NA,6.3,6.4,5.4
10/6/2017,Ikoma,Ik56,693209.0983,9756826.181,ACAROB,10.2,NA,NA,NA,15.8,NA,NA,3.7,4.2,4.4
10/6/2017,Ikoma,Ik57,693196.9412,9756827.9,ACAROB,18.6,NA,NA,NA,25.6,NA,NA,5.3,5.9,5.6
10/6/2017,Ikoma,Ik58,693175.1152,9756830.095,ACAROB,19.5,NA,NA,NA,25.2,NA,NA,6.2,7.1,9.2
10/6/2017,Ikoma,Ik59,693149.0948,9756857.533,COMAFR,8.3,9,NA,NA,14.5,NA,NA,4,3.1,3.4
10/6/2017,Ikoma,Ik6,693374.0852,9756698.735,ACAROB,13.2,NA,NA,NA,18.5,NA,NA,3.7,3.3,4.8
10/6/2017,Ikoma,Ik60,693144.2579,9756859.624,COMAFR,7,NA,NA,NA,12.7,NA,NA,1.8,2.2,2.4
10/6/2017,Ikoma,Ik61,693142.478,9756852.619,COMAFR,9.8,NA,NA,NA,14.5,NA,NA,2.4,2.7,4
10/6/2017,Ikoma,Ik62,693131.428,9756860.093,ACAROB,5,12.3,7.2,NA,39.4,NA,NA,6.4,6.2,5.4
10/6/2017,Ikoma,Ik63,693127.5349,9756855.945,BALAEG,16.5,7.5,NA,NA,23,NA,NA,2.3,3.6,3.2
10/6/2017,Ikoma,Ik64,693119.7806,9756859.069,ACAROB,23.2,NA,NA,NA,32.5,NA,NA,7.3,8.2,8.8
10/6/2017,Ikoma,Ik65,693106.6143,9756882.878,ACAROB,14.2,11,10.1,NA,25.2,16.5,15.2,7.8,3.4,5.4
10/6/2017,Ikoma,Ik66,693093.8716,9756870.083,ACATOR,13,11.8,NA,NA,19.1,17.6,NA,5.7,7.4,5.2
10/6/2017,Ikoma,Ik67,693094.1632,9756872.307,ACAMEL,8,NA,NA,NA,14.8,NA,NA,5,4.7,5
10/6/2017,Ikoma,Ik68,693036.934,9756923.918,ACAMEL,10.1,12.8,7.5,NA,26.2,NA,NA,6.6,8.3,5.6
10/6/2017,Ikoma,Ik69,693033.565,9756929.437,ACAMEL,5,5.6,NA,NA,12.8,NA,NA,3.1,4.2,4.4
10/6/2017,Ikoma,Ik7,693367.4946,9756700.272,ACAROB,14.2,NA,NA,NA,33.2,NA,NA,3.4,3.6,6.2
10/6/2017,Ikoma,Ik70,693028.1343,9756934.105,ACAMEL,5.2,4.6,NA,NA,12.9,NA,NA,5,4.7,4.2
10/6/2017,Ikoma,Ik71,693024.546,9756935.454,ACAMEL,6.4,8.3,9.2,NA,27.5,NA,NA,5.6,5.3,5.4
10/6/2017,Ikoma,Ik72,693026.7879,9756939.038,ACAMEL,9.8,5.4,NA,NA,15.5,10.2,NA,5.4,4.8,5.2
10/6/2017,Ikoma,Ik73,692969.0253,9756932.812,BALAEG,18,NA,NA,NA,15.4,NA,NA,4.8,5.2,4.2
10/6/2017,Ikoma,Ik74,692999.4356,9756967.766,ACAMEL,12.2,NA,NA,NA,20.8,NA,NA,4.1,4.6,5.8
10/6/2017,Ikoma,Ik75,692831.3623,9757071.588,BALAEG,8.2,NA,NA,NA,16.1,NA,NA,2.3,2,3.2
10/6/2017,Ikoma,Ik76,692825.3148,9757083.005,ACAMEL,19.5,9,12.4,NA,48.7,NA,NA,9.8,9.6,5.2
10/6/2017,Ikoma,Ik8,693358.7553,9756714.241,ACAROB,15.8,NA,NA,NA,20.8,NA,NA,5.7,5.3,6.8
10/6/2017,Ikoma,Ik9,693359.6811,9756716.567,ACAROB,12.4,14.1,NA,NA,21.5,NA,NA,5.5,6.3,6.4
6/27/2017,Ikoma,Tag 1969,693015.1179,9756934.519,ACAROB,27.9,NA,NA,NA,32.5,NA,NA,5.9,8.7,7.1
6/27/2017,Ikoma,Tag 1970,693076.5092,9756917.893,ACAROB,30.2,NA,NA,NA,32.5,NA,NA,9.6,9.4,7.5
6/27/2017,Ikoma,Tag 1971,693077.1036,9756875.904,ACATOR,22,NA,NA,NA,28.3,NA,NA,6.1,7.2,5.4
6/27/2017,Ikoma,Tag 1972,693131.3182,9756877.992,ACATOR,16.1,15.5,16.4,NA,19.1,25.6,20.6,9.8,9.4,7.6
6/27/2017,Ikoma,Tag 1973,693214.1784,9756800.824,ACAROB,19.5,24,12.4,NA,27.5,22.8,NA,9.3,9.5,8.6
6/27/2017,Ikoma,Tag 1974,693268.2382,9756782.047,ACAROB,15.3,13,7.7,NA,10.6,24,NA,7.9,7.1,4.8
6/27/2017,Ikoma,Tag 1975,693263.6148,9756735.402,ACATOR,15.5,NA,NA,NA,17.1,NA,NA,4.9,3.3,4.7
6/27/2017,Ikoma,Tag 1976,693304.3251,9756751.177,ACAROB,18.7,NA,NA,NA,20.6,NA,NA,5.1,5.7,7.6
6/27/2017,Ikoma,Tag 1977,693326.9744,9756719.552,ACAROB,15.3,NA,NA,NA,21.4,NA,NA,4.5,4.4,7.1
6/27/2017,Ikoma,Tag 1978,693387.9738,9756686.688,ACAROB,15.2,NA,NA,NA,23.2,NA,NA,3.7,4.4,6.7
6/27/2017,Ikoma,Tag 1979,693414.4769,9756665.375,ACAROB,28.5,NA,NA,NA,31.4,NA,NA,6.6,7.8,9.5
6/27/2017,Ikoma,Tag 1980,693276.0299,9756778.942,ACAROB,14,NA,NA,NA,17.4,NA,NA,4.5,4.8,6.1
6/27/2017,Ikoma,Tag 1981,693193.9896,9756815.483,ACAROB,21.5,13.8,NA,NA,31,NA,NA,7.1,9.5,9.6
6/27/2017,Ikoma,Tag 1983,693183.5222,9756915.072,ACATOR,13.8,20,NA,NA,29.1,NA,NA,7.1,7.7,6.1
6/27/2017,Ikoma,Tag 1984,693140.7431,9756964.349,ACATOR,18.2,18.7,NA,NA,29.4,NA,NA,7.5,9,5.5
6/27/2017,Ikoma,Tag 1985,693091.3873,9756850.639,ACATOR,13,14.1,NA,NA,38,NA,NA,7.2,8.1,5.1
6/27/2017,Ikoma,Tag 1986,693103.9203,9756827.434,ACATOR,14.7,NA,NA,NA,17.2,NA,NA,4.8,3.6,5.3
6/27/2017,Ikoma,Tag 1987,693066.696,9756746.281,ACATOR,13.4,6.5,NA,NA,15.9,NA,NA,5.2,5.8,5.4
6/27/2017,Ikoma,Tag 1988,692921.5668,9756806.828,ACATOR,22,24,NA,NA,36.8,NA,NA,9.2,9.8,6.6
6/27/2017,Ikoma,Tag1982,693166.4825,9756871.5,ACATOR,12.5,11,NA,NA,15.2,19.3,NA,5.5,4.7,5.2
10/3/2017,Makoma,K1,694445.682,9726439.567,ACAROB,11.6,6.6,NA,NA,16.1,NA,NA,2.8,5.2,3.4
10/3/2017,Makoma,K10,694469.3255,9726488.193,ACAROB,11.4,6.3,NA,NA,16.7,NA,NA,1.8,2.4,5.1
10/3/2017,Makoma,K100,694586.7231,9726615.32,ACAROB,14.2,NA,NA,NA,23.5,NA,NA,5.1,4.8,4.4
10/3/2017,Makoma,K101,694581.9475,9726620.635,ACAROB,8.5,NA,NA,NA,12.2,NA,NA,2.7,2.4,4.3
10/3/2017,Makoma,K102,694582.2938,9726630.255,ACAROB,5.2,NA,NA,NA,15.5,NA,NA,2.6,3.2,3.2
10/3/2017,Makoma,K103,694587.5191,9726628.589,ACAROB,18.6,NA,NA,NA,12.5,NA,NA,3.2,3.4,4.2
10/3/2017,Makoma,K104,694586.0796,9726633.457,ACAROB,11,9,NA,NA,23,NA,NA,4.5,3.4,4.4
10/3/2017,Makoma,K105,694591.865,9726634.776,ACAROB,10.6,NA,NA,NA,19.2,NA,NA,3.8,3.7,4.5
10/3/2017,Makoma,K106,694592.0886,9726635.661,ACAROB,6,NA,NA,NA,9.5,NA,NA,2.6,2.1,3.4
10/3/2017,Makoma,K107,694592.5313,9726634.001,ACAROB,6.8,NA,NA,NA,11.2,NA,NA,2.4,2.2,4
10/3/2017,Makoma,K108,694594.3115,9726634.441,ACAROB,11.1,7.2,NA,NA,16.5,NA,NA,3.6,4.5,4.4
10/3/2017,Makoma,K109,694596.3135,9726634.439,ACAROB,12.2,4.3,NA,NA,16.7,NA,NA,3.6,4,4.2
10/3/2017,Makoma,K11,694472.1074,9726489.185,ACAROB,15.2,14.4,NA,NA,25.8,NA,NA,5.8,6.7,5.4
10/3/2017,Makoma,K110,694597.2076,9726637.645,ACAROB,9,NA,NA,NA,12,NA,NA,3.2,2.7,5.6
10/3/2017,Makoma,K111,694595.6517,9726638.642,ACAROB,9.9,13.1,NA,NA,18.5,NA,NA,4.2,3.8,4.8
10/3/2017,Makoma,K112,694596.2081,9726638.862,ACAROB,4.1,4.6,NA,NA,7.2,5.7,NA,1.5,1.3,2.7
10/3/2017,Makoma,K113,694599.4405,9726644.055,ACAROB,5.6,7.7,NA,NA,10.5,7.2,NA,2.8,3.1,3.4
10/3/2017,Makoma,K114,694606.225,9726643.936,ACAROB,11.2,9.1,NA,NA,28.2,NA,NA,4.8,4.1,4.4
10/3/2017,Makoma,K115,694603.9951,9726639.847,ACAROB,11.2,NA,NA,NA,19,NA,NA,5.2,3.4,3.2
10/3/2017,Makoma,K116,694613.2251,9726638.619,ACAROB,12.1,NA,NA,NA,20.1,NA,NA,4.4,3.6,3.8
10/3/2017,Makoma,K117,694607.5505,9726636.967,ACAROB,13.2,NA,NA,NA,16.1,NA,NA,3.8,4.1,4.2
10/3/2017,Makoma,K118,694604.2129,9726636.308,ACAROB,8.6,NA,NA,NA,12,NA,NA,2.8,2.6,4
10/3/2017,Makoma,K119,694604.7689,9726636.197,ACAROB,8.8,NA,NA,NA,15.5,NA,NA,3.2,2.8,4.2
10/3/2017,Makoma,K12,694468.4394,9726490.959,ACAROB,5.3,NA,NA,NA,8.5,NA,NA,2.4,1.7,2.3
10/3/2017,Makoma,K120,694605.6576,9726635.422,ACAROB,9,NA,NA,NA,15.2,NA,NA,2.1,1.8,5.8
10/3/2017,Makoma,K121,694604.4337,9726635.092,ACAROB,8.3,7.1,NA,NA,13.9,NA,NA,3.4,3.1,3.6
10/3/2017,Makoma,K122,694603.5422,9726633.766,ACAROB,5.2,NA,NA,NA,9.8,NA,NA,1.6,1.4,2.8
10/3/2017,Makoma,K123,694601.3183,9726634.211,ACAROB,14.2,NA,NA,NA,18.5,NA,NA,4.8,3.7,4.2
10/3/2017,Makoma,K124,694606.4273,9726628.675,ACAROB,10.2,NA,NA,NA,14.3,NA,NA,2.3,3.5,4.4
10/3/2017,Makoma,K125,694605.4278,9726629.782,ACAROB,11.5,10.4,NA,NA,19.5,NA,NA,3.8,4.7,4.4
10/3/2017,Makoma,K126,694602.6504,9726632.219,ACAROB,8,NA,NA,NA,12.2,NA,NA,2.8,2.1,3.4
10/3/2017,Makoma,K127,694601.2027,9726630.894,ACAROB,7.7,8,5.6,NA,16.2,NA,NA,3.5,3,4.8
10/3/2017,Makoma,K128,694598.1998,9726631.008,ACAROB,8.3,NA,NA,NA,15.8,NA,NA,4.6,3.7,3.8
10/3/2017,Makoma,K129,694596.4188,9726629.905,ACAROB,9.2,4.6,NA,NA,16.1,11,NA,3.5,3.7,5
10/3/2017,Makoma,K13,694468.7712,9726489.521,ACAROB,8.3,9.4,9.6,NA,29.4,NA,NA,3,3.4,5.2
10/3/2017,Makoma,K130,694606.762,9726629.449,ACAROB,9,NA,NA,NA,12.8,NA,NA,2.4,3.5,4.2
10/3/2017,Makoma,K131,694596.9711,9726627.029,ACAROB,11,NA,NA,NA,18.2,NA,NA,2.2,2.4,3.8
10/3/2017,Makoma,K132,694599.7472,9726623.597,ACAROB,6.3,NA,NA,NA,11.1,NA,NA,3.6,3.3,3.6
10/3/2017,Makoma,K133,694622.3511,9726642.919,ACAROB,8.8,4.6,NA,NA,15.2,NA,NA,2.7,5.5,4.4
10/3/2017,Makoma,K134,694625.0268,9726647.671,ACAROB,10.2,NA,NA,NA,15,NA,NA,4,3.7,4.6
10/3/2017,Makoma,K135,694631.2584,9726649.985,ACAROB,10.3,12,13.1,NA,25.2,19.5,NA,7.4,6.8,5.4
10/3/2017,Makoma,K136,694639.6366,9726677.62,ACAROB,7.7,4.5,NA,NA,13.2,NA,NA,3.9,3.3,4.8
10/3/2017,Makoma,K137,694640.5278,9726678.725,COMAFR,7.4,7,NA,NA,12.1,NA,NA,0.3,1,2.6
10/3/2017,Makoma,K138,694649.6448,9726676.169,ACAROB,16.5,13.2,NA,NA,24.7,NA,NA,6.5,6.2,6.4
10/3/2017,Makoma,K139,694652.9788,9726674.064,ACAROB,14.6,10.3,NA,NA,22.7,NA,NA,4.2,5.7,5.2
10/3/2017,Makoma,K14,694474.1166,9726494.601,ACAROB,8.3,9.4,9.6,NA,29.4,NA,NA,3,3.4,5.2
10/3/2017,Makoma,K140,694657.4444,9726686.664,ACAROB,14.5,10.3,NA,NA,26.8,NA,NA,5.1,5.4,4.6
10/3/2017,Makoma,K141,694650.4451,9726692.645,ACAROB,11,9.6,NA,NA,27.2,NA,NA,6.1,6.3,6.2
10/3/2017,Makoma,K142,694651.2263,9726694.635,COMAFR,3.4,NA,NA,NA,14,NA,NA,1.3,1.1,1.3
10/3/2017,Makoma,K143,694652.7883,9726698.282,COMAFR,9.7,NA,NA,NA,15.2,NA,NA,1.5,1.1,2.2
10/3/2017,Makoma,K144,694655.4652,9726704.029,ACAROB,15,18.7,8.3,NA,27.8,NA,NA,6.4,6.8,4.8
10/3/2017,Makoma,K145,694657.6912,9726705.132,ACAROB,11.5,8.8,NA,NA,18.8,NA,NA,4.2,4.7,4.9
10/3/2017,Makoma,K146,694657.3566,9726704.468,ACAROB,11,NA,NA,NA,18,NA,NA,5.1,5.3,5.2
10/3/2017,Makoma,K147,694659.8114,9726710.437,ACAROB,10.2,13.3,NA,NA,22.5,NA,NA,3.7,3.2,4.8
10/3/2017,Makoma,K148,694665.3663,9726705.674,ACAROB,8.6,15.5,NA,NA,13.2,20.5,NA,3.2,4,5.2
10/3/2017,Makoma,K149,694669.8265,9726714.183,ACAROB,16.6,NA,NA,NA,22.4,NA,NA,4.3,4.1,5.6
10/3/2017,Makoma,K15,694474.116,9726494.158,ACAROB,8.3,NA,NA,NA,12.1,NA,NA,2.8,3.3,5.4
10/3/2017,Makoma,K150,694671.7163,9726713.407,ACAROB,10.3,8.4,NA,NA,16.5,NA,NA,2.2,2.8,3.8
10/3/2017,Makoma,K151,694672.9405,9726713.958,ACAROB,5.5,NA,NA,NA,9,NA,NA,1.2,3.1,3.2
10/3/2017,Makoma,K152,694670.8249,9726712.192,ACAROB,23.7,NA,NA,NA,30.2,NA,NA,5.5,5.8,5.8
10/3/2017,Makoma,K153,694670.5997,9726710.091,ACAROB,5.6,NA,NA,NA,10.2,NA,NA,3,3.1,3.3
10/3/2017,Makoma,K154,694672.1542,9726708.098,ACAROB,4.5,6.2,NA,NA,15.4,NA,NA,1.4,2.1,3.4
10/3/2017,Makoma,K155,694673.8373,9726719.265,ACAROB,8.3,5.6,NA,NA,13.5,NA,NA,2.5,2.7,3.2
10/3/2017,Makoma,K156,694674.1752,9726722.471,ACAROB,8.3,6.2,NA,NA,14.5,NA,NA,2.4,2.9,3.6
10/3/2017,Makoma,K157,694678.746,9726730.538,ACAROB,13.1,NA,NA,NA,17.2,NA,NA,3.4,3,4.2
10/3/2017,Makoma,K158,694678.3017,9726730.981,ACAROB,8.2,12.5,NA,NA,19.8,NA,NA,5.2,4.5,5.2
10/3/2017,Makoma,K159,694679.7494,9726732.306,ACAROB,9.2,NA,NA,NA,15.7,NA,NA,2.9,2.2,5
10/3/2017,Makoma,K16,694475.1108,9726489.402,ACAROB,7.7,NA,NA,NA,11.5,NA,NA,1.2,2.3,3.2
10/3/2017,Makoma,K160,694682.1947,9726731.086,ACAROB,9,NA,NA,NA,15.4,NA,NA,3,2.8,4.8
10/3/2017,Makoma,K161,694684.4132,9726726.55,ACAROB,19.8,NA,NA,NA,26.2,NA,NA,7.7,7.5,6.4
10/3/2017,Makoma,K162,694686.5222,9726723.34,ACAROB,10.6,10.4,NA,NA,20.5,NA,NA,5,4.5,5.2
10/3/2017,Makoma,K163,694686.413,9726724.888,ACAROB,20.2,NA,NA,NA,26.8,NA,NA,7.4,7.6,5.4
10/3/2017,Makoma,K164,694691.7643,9726734.391,ACAROB,10.8,NA,NA,NA,15.2,NA,NA,3.1,4.8,4.8
10/3/2017,Makoma,K165,694700.2272,9726741.9,ACAROB,13,13.4,NA,NA,30.8,NA,NA,7.1,6.8,5.2
10/3/2017,Makoma,K166,694701.006,9726742.009,ACAROB,10.4,NA,NA,NA,17.5,NA,NA,4.3,3.4,4.8
10/3/2017,Makoma,K167,694698.3386,9726743.561,COMAFR,5.6,NA,NA,NA,9.1,NA,NA,0.7,0.8,1.5
10/3/2017,Makoma,K168,694700.0087,9726744.886,ACAROB,11,10.6,NA,NA,18.4,NA,NA,3.2,5.9,4.5
10/3/2017,Makoma,K169,694696.6732,9726745.775,ACAROB,13.6,NA,NA,NA,18,NA,NA,4.3,3.6,3.6
10/3/2017,Makoma,K17,694474.7772,9726489.513,COMAFR,8.4,NA,NA,NA,10.4,NA,NA,0.6,1,1.5
10/3/2017,Makoma,K170,694694.6735,9726747.547,ACAROB,10.2,NA,NA,NA,15.4,NA,NA,4.1,2.5,3.9
10/3/2017,Makoma,K171,694695.6814,9726752.743,ACAROB,7.1,11.2,NA,NA,22.5,NA,NA,6,5.3,4.2
10/3/2017,Makoma,K172,694691.6828,9726756.951,ACAROB,12.4,NA,NA,NA,22.1,NA,NA,4.1,3.6,3.8
10/3/2017,Makoma,K173,694693.5744,9726757.501,ACAROB,10,9.3,NA,NA,19,1.8,NA,3.8,3.6,4.2
10/3/2017,Makoma,K174,694691.9095,9726760.157,ACAROB,7.4,NA,NA,NA,11.8,NA,NA,3.5,1.8,3.6
10/3/2017,Makoma,K175,694709.2561,9726756.817,ACAROB,11,12.3,NA,NA,20.4,NA,NA,4.2,3.9,4.8
10/3/2017,Makoma,K176,694713.5985,9726760.35,ACAROB,10.2,11.6,12.1,NA,20.4,23.2,NA,6.3,7.1,3.8
10/3/2017,Makoma,K177,694714.3885,9726769.085,ACAROB,12,11.5,NA,NA,24.5,5.3,NA,6.8,5.8,4
10/3/2017,Makoma,K178,694721.6289,9726777.258,ACAROB,12.1,NA,NA,NA,20.3,NA,NA,4.6,4.1,4.4
10/3/2017,Makoma,K179,694721.0731,9726777.48,BALAEG,3.1,2.6,4.2,NA,10.5,NA,NA,1.8,2,2.2
10/3/2017,Makoma,K18,694474.4404,9726487.081,ACAROB,9,NA,NA,NA,14.7,NA,NA,2.1,1.8,4.8
10/3/2017,Makoma,K180,694743.7833,9726793.043,ACAROB,9.2,12.1,11.8,NA,17.5,24.2,19.1,6.3,7.5,5.6
10/3/2017,Makoma,K181,694739.6706,9726795.039,ACAROB,5.6,8.8,NA,NA,17.4,NA,NA,4,3.3,4.1
10/3/2017,Makoma,K182,694742.3419,9726796.473,ACAROB,8.1,10.8,11.6,NA,30.2,NA,NA,4.3,3.6,4
10/3/2017,Makoma,K183,694740.5638,9726797.581,ACAROB,16.8,NA,NA,NA,29.2,NA,NA,8.5,5.2,6.8
10/3/2017,Makoma,K184,694736.7876,9726801.678,ACAROB,12.3,14.8,NA,NA,19.2,17.2,NA,6.3,5.1,5.6
10/3/2017,Makoma,K185,694743.5724,9726801.779,ACAROB,20.2,15,NA,NA,33.5,NA,NA,4.5,5.2,8.8
10/3/2017,Makoma,K186,694745.6888,9726804.209,ACAROB,9.7,9.2,NA,NA,17.5,NA,NA,3.3,2.8,6.8
10/3/2017,Makoma,K187,694746.8014,9726804.429,ACAROB,15,10.3,NA,NA,23.4,NA,NA,6.4,4.6,7.2
10/3/2017,Makoma,K188,694751.3766,9726815.813,ACAROB,7.7,NA,NA,NA,12,NA,NA,3.4,2.8,3.8
10/3/2017,Makoma,K189,694754.8242,9726815.587,ACAROB,18.3,NA,NA,NA,58.5,NA,NA,5,8.4,6.7
10/3/2017,Makoma,K19,694479.8954,9726490.944,COMAFR,5.7,NA,NA,NA,8.2,NA,NA,0.8,0.6,1.5
10/3/2017,Makoma,K190,694757.2666,9726812.156,ACAROB,14.5,NA,NA,NA,22.3,NA,NA,5.5,5,6.4
10/3/2017,Makoma,K191,694761.2726,9726813.588,ACAROB,20.6,13.2,NA,NA,27.5,NA,NA,6.5,5.9,6.8
10/3/2017,Makoma,K192,694762.3905,9726817.9,ACAROB,10.4,13,NA,NA,26.8,NA,NA,5.8,7.6,6.8
10/3/2017,Makoma,K193,694762.2809,9726819.116,ACAROB,6.6,NA,NA,NA,12,NA,NA,2.5,1.6,6.4
10/3/2017,Makoma,K194,694763.727,9726819.225,ACAROB,6,NA,NA,NA,9.8,NA,NA,1.8,1.5,5.8
10/3/2017,Makoma,K195,694761.728,9726821.55,ACAROB,11.2,7.5,NA,NA,24.3,NA,NA,4.2,4.1,6.2
10/3/2017,Makoma,K196,694755.9503,9726826.091,ACAROB,7.7,NA,NA,NA,12.8,NA,NA,1.9,1.6,5.2
10/3/2017,Makoma,K197,694767.0751,9726827.846,ACAROB,14,23.2,NA,NA,33.2,NA,NA,7.3,7.8,7.2
10/3/2017,Makoma,K198,694766.4079,9726827.957,ACAROB,6,NA,NA,NA,9.5,NA,NA,2.1,2.4,4
10/3/2017,Makoma,K199,694766.2968,9726828.068,ACAROB,7.8,NA,NA,NA,12.2,NA,NA,1.4,1.6,6.2
10/3/2017,Makoma,K2,694467.2971,9726468.18,COMAFR,10,NA,NA,NA,11,NA,NA,0.5,0.7,2.2
10/3/2017,Makoma,K20,694475.1151,9726492.719,ACAROB,7.7,9.3,7.4,NA,14.6,NA,NA,3.6,3.2,5.2
10/3/2017,Makoma,K200,694765.7402,9726827.737,ACAROB,9.2,10.6,NA,NA,19.1,NA,NA,2.6,4.1,6.6
10/3/2017,Makoma,K201,694764.8563,9726832.162,ACAROB,12.6,NA,NA,NA,16.3,NA,NA,3.7,3.2,6.4
10/3/2017,Makoma,K202,694753.9471,9726825.209,ACAROB,13,13.7,NA,NA,23,NA,NA,5.8,4.5,6.6
10/3/2017,Makoma,K203,694769.8583,9726829.833,ACAROB,9.8,19.2,NA,NA,35.5,NA,NA,6.7,7.4,7.4
10/3/2017,Makoma,K204,694773.7549,9726832.703,ACAROB,11.3,18.2,11.2,NA,34,NA,NA,5.8,5.4,7.5
10/3/2017,Makoma,K205,694771.4195,9726832.927,ACAROB,10.1,NA,NA,NA,14,NA,NA,3.5,2.6,3.9
10/3/2017,Makoma,K206,694780.1126,9726846.296,ACAROB,8.5,NA,NA,NA,13.1,NA,NA,4.2,2.4,3.2
10/3/2017,Makoma,K207,694770.335,9726853.94,ACAROB,8.1,4.6,NA,NA,13,NA,NA,1.6,1.7,4.4
10/3/2017,Makoma,K208,694773.3504,9726863.335,ACAROB,10,11.3,NA,NA,22.5,NA,NA,4,4.7,4.2
10/3/2017,Makoma,K209,694775.2421,9726863.996,ACAROB,14.2,7.3,NA,NA,30.1,NA,NA,9,8.5,6.8
10/3/2017,Makoma,K21,694475.3393,9726494.046,ACAROB,10.3,NA,NA,NA,14,NA,NA,2.5,3.3,5
10/3/2017,Makoma,K210,694776.2476,9726867.423,ACAROB,4.2,4,NA,NA,9.8,NA,NA,2.7,3.1,3.2
10/3/2017,Makoma,K211,694777.9135,9726865.541,ACAROB,7,NA,NA,NA,10.1,NA,NA,3.2,2.5,4.2
10/3/2017,Makoma,K212,694774.2497,9726870.522,ACAROB,9.1,NA,NA,NA,14.2,NA,NA,2.4,2.7,4
10/3/2017,Makoma,K213,694783.0266,9726863.101,ACAROB,21.8,11.2,NA,NA,31,NA,NA,9.4,9.6,7.4
10/3/2017,Makoma,K214,694786.1549,9726873.713,ACAROB,6.3,3.8,NA,NA,11.2,NA,NA,4.3,3.5,3.8
10/3/2017,Makoma,K215,694795.7468,9726893.937,ACAROB,8.4,NA,NA,NA,12.1,NA,NA,3.2,2.6,4.8
10/3/2017,Makoma,K216,694794.9716,9726896.482,ACAROB,13.4,12.7,NA,NA,27.5,NA,NA,7.4,7.8,6.4
10/3/2017,Makoma,K217,694796.8645,9726898.028,ACAROB,14.1,9,NA,NA,22.5,NA,NA,5.5,7.6,6.2
10/3/2017,Makoma,K218,694793.5269,9726897.368,ACAROB,9.2,9,NA,NA,15.4,NA,NA,3.5,4.2,5.8
10/3/2017,Makoma,K219,694790.9705,9726898.699,COMAFR,8.8,NA,NA,NA,10.8,NA,NA,0.8,1.1,2
10/3/2017,Makoma,K22,694477.3398,9726492.827,ACAROB,7.2,7.3,NA,NA,17.7,NA,NA,2.9,2.2,5.2
10/3/2017,Makoma,K220,694796.7637,9726905.99,ACAROB,5.2,4,NA,NA,8.4,6.9,NA,2.4,3.8,3.8
10/3/2017,Makoma,K221,694803.5446,9726903.106,ACAROB,18.3,13.2,17.6,NA,48.1,NA,NA,8.3,7.2,7.4
10/3/2017,Makoma,K222,694808.0993,9726898.897,ACAROB,8.4,NA,NA,NA,14.1,NA,NA,3,3.8,4.4
10/3/2017,Makoma,K223,694809.2149,9726901.439,ACAROB,8.2,10.3,10.5,NA,26.4,NA,NA,5.4,4.5,5.4
10/3/2017,Makoma,K224,694807.5477,9726902.326,ACAROB,7.2,5.1,5.3,NA,21.1,NA,NA,4.9,4,3.4
10/3/2017,Makoma,K225,694809.8835,9726902.434,ACAROB,16,NA,NA,NA,35.1,NA,NA,6.8,5.9,7.4
10/3/2017,Makoma,K226,694809.7761,9726905.309,ACAROB,11.1,10.8,NA,NA,18.2,NA,NA,5.6,7.2,6.8
10/3/2017,Makoma,K227,694808.7751,9726905.31,ACAROB,14.3,NA,NA,NA,21.4,NA,NA,4.8,3.1,5.4
10/3/2017,Makoma,K228,694813.3383,9726907.627,ACAROB,8.4,12,NA,NA,24.5,NA,NA,3.2,2.1,5.6
10/3/2017,Makoma,K229,694813.8981,9726910.39,ACAROB,6,6.3,6.8,NA,11.4,NA,NA,3.2,2.6,3.6
10/3/2017,Makoma,K23,694476.7854,9726494.155,ACAROB,9.2,NA,NA,NA,17,NA,NA,1.8,3.2,5.4
10/3/2017,Makoma,K230,694812.4586,9726915.258,ACAROB,21.2,9.4,NA,NA,16.5,NA,NA,5.8,2.9,4
10/3/2017,Makoma,K231,694804.5605,9726914.384,ACAROB,5.8,NA,NA,NA,9.4,NA,NA,2.6,2.4,3.8
10/3/2017,Makoma,K232,694802.1164,9726916.488,ACAROB,12.3,8.4,3.3,NA,19.8,NA,NA,5.4,5.7,5.4
10/3/2017,Makoma,K233,694806.0112,9726918.031,ACAROB,12.8,NA,NA,NA,19.4,NA,NA,5.3,3.8,5.6
10/3/2017,Makoma,K234,694807.3465,9726918.472,ACAROB,11,NA,NA,NA,15,NA,NA,4,3.6,4.8
10/3/2017,Makoma,K235,694813.693,9726923.55,ACAROB,10.2,NA,NA,NA,16.1,NA,NA,4.5,4.1,4.6
10/3/2017,Makoma,K236,694815.1366,9726921.779,ACAROB,5.8,9.1,NA,NA,15.6,NA,NA,3.7,3.5,4.6
10/3/2017,Makoma,K237,694816.135,9726919.787,ACAROB,9.6,2.8,NA,NA,16,NA,NA,4.3,3.6,5.2
10/3/2017,Makoma,K238,694819.5838,9726920.446,ACAROB,14.2,NA,NA,NA,18.4,NA,NA,6.8,4.9,5.4
10/3/2017,Makoma,K239,694820.8052,9726918.896,ACAROB,7.6,6.8,NA,NA,10.5,NA,NA,2.8,3.2,5.4
10/3/2017,Makoma,K24,694481.2362,9726495.587,ACAROB,7.4,NA,NA,NA,14.2,NA,NA,2.2,1.8,4.8
10/3/2017,Makoma,K24,694474.7721,9726485.643,ACAROB,4.6,3.7,NA,NA,10.2,NA,NA,1.6,2.7,4.6
10/3/2017,Makoma,K240,694818.7916,9726910.163,ACAROB,6.8,4.8,4.5,NA,10.1,12,NA,4.5,3.4,4.8
10/3/2017,Makoma,K241,694820.0234,9726916.465,ACAROB,6.6,NA,NA,NA,11.5,NA,NA,2.2,2.6,3.6
10/3/2017,Makoma,K242,694821.144,9726922.766,ACAROB,8.8,NA,NA,NA,19.1,NA,NA,2.8,1.6,3.6
10/3/2017,Makoma,K243,694821.8107,9726922.323,ACAROB,7.7,NA,NA,NA,18.5,NA,NA,3,1.9,4.2
10/3/2017,Makoma,K244,694831.1579,9726925.628,ACAROB,8.3,NA,NA,NA,17,NA,NA,2.2,2.7,2.4
10/3/2017,Makoma,K245,694828.1568,9726927.07,ACAROB,8.3,13.2,NA,NA,20.1,NA,NA,4.7,5.2,5.4
10/3/2017,Makoma,K246,694828.6023,9726927.512,ACAROB,5.2,NA,NA,NA,8.5,NA,NA,2.5,3.3,4
10/3/2017,Makoma,K247,694829.6052,9726928.948,ACAROB,14,NA,NA,NA,18.5,NA,NA,1.4,1.8,6.4
10/3/2017,Makoma,K248,694830.1622,9726929.611,ACAROB,5.6,NA,NA,NA,10.1,NA,NA,2,2.1,6.6
10/3/2017,Makoma,K249,694828.2721,9726930.166,ACAROB,10,NA,NA,NA,18.4,NA,NA,3,3.3,5.6
10/3/2017,Makoma,K25,694483.1307,9726498.349,ACAROB,10.6,8.3,NA,NA,17.5,NA,NA,2.2,3.8,5
10/3/2017,Makoma,K250,694829.9437,9726932.597,ACAROB,9,5.8,NA,NA,13.4,9.1,NA,2.6,3.2,5.2
10/3/2017,Makoma,K251,694828.9466,9726935.584,ACAROB,9.5,9,NA,NA,10.4,13.5,NA,4,3.7,5.4
10/3/2017,Makoma,K252,694828.2778,9726934.479,ACAROB,8.3,NA,NA,NA,11,NA,NA,2.7,2.4,5.2
10/3/2017,Makoma,K253,694827.8317,9726933.595,ACAROB,7.4,NA,NA,NA,15.4,NA,NA,3.5,1.8,4.8
10/3/2017,Makoma,K254,694825.1641,9726934.925,ACAROB,7.9,NA,NA,NA,10.8,NA,NA,2.5,3,5.2
10/3/2017,Makoma,K255,694827.1674,9726935.918,ACAROB,11.7,12.3,NA,NA,18.5,NA,NA,4.6,4.2,6.8
10/3/2017,Makoma,K256,694826.0564,9726936.804,ACAROB,5.3,NA,NA,NA,8.9,NA,NA,1.2,1,6.2
10/3/2017,Makoma,K257,694822.4997,9726938.689,ACAROB,10.2,NA,NA,NA,17.5,NA,NA,2.5,2.2,6.4
10/3/2017,Makoma,K258,694823.2733,9726934.928,ACAROB,8.3,10.7,NA,NA,16.2,NA,NA,4.6,3.4,6
10/3/2017,Makoma,K259,694821.3832,9726935.483,ACAROB,7.3,NA,NA,NA,10.5,NA,NA,2.7,2.5,3.8
10/3/2017,Makoma,K26,694485.2427,9726497.461,ACAROB,10.1,NA,NA,NA,18.1,NA,NA,1.8,2.4,3.8
10/3/2017,Makoma,K260,694819.3822,9726936.26,ACAROB,5.5,NA,NA,NA,9.8,NA,NA,3.4,3.1,3.6
10/3/2017,Makoma,K261,694818.6086,9726940.021,ACAROB,10.3,NA,NA,NA,13.5,NA,NA,4.2,3.6,6.8
10/3/2017,Makoma,K262,694826.2884,9726944.102,ACAROB,9.2,NA,NA,NA,13.4,NA,NA,3.7,3,6.8
10/3/2017,Makoma,K263,694828.0661,9726942.662,ACAROB,6.3,NA,NA,NA,12.5,NA,NA,2.6,2.3,6.2
10/3/2017,Makoma,K264,694829.9556,9726941.665,ACAROB,7.3,NA,NA,NA,11.5,NA,NA,1.8,2.3,2.2
10/3/2017,Makoma,K265,694829.7324,9726941.112,ACAROB,12.8,8.8,7.5,NA,20,NA,NA,4.3,4.7,6.4
10/3/2017,Makoma,K266,694829.0676,9726942.993,ACAROB,5,6.5,NA,NA,11.5,NA,NA,2,2.5,2.8
10/3/2017,Makoma,K267,694831.9649,9726947.191,ACAROB,8.8,8.2,NA,NA,15.5,NA,NA,3.3,3.5,5.4
10/3/2017,Makoma,K268,694833.0781,9726947.853,ACAROB,14.3,11.2,NA,NA,27.2,NA,NA,5.5,7.2,3.6
10/3/2017,Makoma,K269,694831.2986,9726947.966,ACAROB,3.8,NA,NA,NA,7,NA,NA,1.1,1.3,3.2
10/3/2017,Makoma,K27,694484.9257,9726510.068,ACAROB,9,8.2,NA,NA,25.5,NA,NA,4.7,5.9,5.6
10/3/2017,Makoma,K270,694837.4069,9726941.102,ACAROB,8.3,8.5,NA,NA,18,NA,NA,2.6,2.2,3.6
10/3/2017,Makoma,K28,694486.3728,9726510.951,ACAROB,11.8,NA,NA,NA,18.3,NA,NA,3,2.8,5.1
10/3/2017,Makoma,K29,694486.2617,9726511.062,ACAROB,123,11.2,NA,NA,21.2,NA,NA,3.1,6.1,5.4
10/3/2017,Makoma,K3,694458.0727,9726473.611,ACAROB,7.2,3.8,NA,NA,10.8,NA,NA,1.2,1.1,2.7
10/3/2017,Makoma,K30,694487.0379,9726509.291,ACAROB,13.2,9.3,7,NA,22,NA,NA,5.3,4.7,5.5
10/3/2017,Makoma,K31,694474.4513,9726495.374,ACAROB,6.3,8.6,11.2,NA,19.6,NA,NA,5.8,3.6,5.6
10/3/2017,Makoma,K32,694503.8483,9726521.102,ACAROB,14,8.3,NA,NA,19.5,NA,NA,4,4.8,5.4
10/3/2017,Makoma,K33,694498.6263,9726525.311,ACAROB,12.3,10.4,8.2,NA,21.4,NA,NA,3.3,4.6,3.2
10/3/2017,Makoma,K34,694498.739,9726526.416,COMAFR,6.6,NA,NA,NA,11.5,NA,NA,1.2,1,1.8
10/3/2017,Makoma,K35,694504.4145,9726528.731,ACAROB,6.8,NA,NA,NA,8.3,NA,NA,1,1.1,1.7
10/3/2017,Makoma,K36,694502.5442,9726544.326,ACAROB,7.1,8.8,NA,NA,11,10.2,NA,1.8,2.6,3.6
10/3/2017,Makoma,K37,694519.6886,9726556.357,ACAROB,7.2,NA,NA,NA,16.1,NA,NA,2.4,3.3,3.4
10/3/2017,Makoma,K38,694518.1429,9726565.095,ACAROB,7.2,7.8,5.3,NA,27.1,NA,NA,3.8,4,5.6
10/3/2017,Makoma,K39,694530.4835,9726561.098,ACAROB,15.6,16.4,NA,NA,27.2,NA,NA,6.1,6.8,5.4
10/3/2017,Makoma,K4,694458.5153,9726471.841,ACAROB,14.3,NA,NA,NA,15.7,NA,NA,2.6,3.8,5.2
10/3/2017,Makoma,K40,694535.0485,9726564.741,COMAFR,10.4,NA,NA,NA,15,NA,NA,3.3,3.6,4.8
10/3/2017,Makoma,K41,694540.1708,9726569.268,COMAFR,5.4,NA,NA,NA,11.8,NA,NA,1,0.8,1.8
10/3/2017,Makoma,K42,694539.6149,9726569.49,ACAROB,15.3,10.7,NA,NA,28.8,NA,NA,7.2,6.4,6.2
10/3/2017,Makoma,K43,694538.9505,9726571.703,ACAROB,6.5,NA,NA,NA,12.5,NA,NA,2.7,2.3,3.2
10/3/2017,Makoma,K44,694544.0735,9726576.783,ACAROB,9.5,9.2,21.3,NA,19.5,21.2,NA,4.5,5.6,6.4
10/3/2017,Makoma,K45,694541.4081,9726579.772,ACAROB,9.2,8.4,8.2,NA,23,NA,NA,2.8,5.2,3.8
10/3/2017,Makoma,K46,694534.7392,9726583.209,COMAFR,6,NA,NA,NA,9.8,NA,NA,1.3,1,2
10/3/2017,Makoma,K47,694536.7446,9726585.75,ACAROB,4.3,22.8,NA,NA,25.5,NA,NA,5.8,5.5,6.2
10/3/2017,Makoma,K48,694541.8608,9726585.743,ACAROB,8,5.2,15.2,NA,27.5,NA,NA,7.6,6.5,6.6
10/3/2017,Makoma,K49,694542.192,9726583.863,ACAROB,19.6,NA,NA,NA,27,NA,NA,6,6.3,5.8
10/3/2017,Makoma,K5,694459.2994,9726476.042,ACAROB,17.5,7.2,NA,NA,19.8,NA,NA,3.5,4.9,5.4
10/3/2017,Makoma,K50,694540.5237,9726583.865,ACAROB,12.6,NA,NA,NA,17,NA,NA,4.4,4.8,4.6
10/3/2017,Makoma,K51,694550.0905,9726585.069,COMAFR,6,NA,NA,NA,9.5,NA,NA,1.2,1,3
10/3/2017,Makoma,K52,694552.7618,9726586.503,ACAROB,13.1,9.2,NA,NA,18.2,NA,NA,5.5,4.3,4.4
10/3/2017,Makoma,K53,694551.4291,9726588.053,ACAROB,9.4,4.8,NA,NA,14.8,NA,NA,4,3.5,3.8
10/3/2017,Makoma,K54,694548.2056,9726589.495,ACAROB,9,11.2,NA,NA,26.4,NA,NA,4.6,5.4,4.2
10/3/2017,Makoma,K55,694549.9898,9726593.031,ACAROB,9,10.6,NA,NA,18,NA,NA,4.8,5.6,4
10/3/2017,Makoma,K56,694549.4372,9726595.686,ACAROB,12.5,NA,NA,NA,20.2,NA,NA,4.7,4.2,4.4
10/3/2017,Makoma,K57,694553.0992,9726589.378,ACAROB,12.2,19.8,NA,NA,25.5,NA,NA,5.4,6.5,4.8
10/3/2017,Makoma,K58,694560.8903,9726593.459,ACAROB,6.9,NA,NA,NA,13.9,NA,NA,2.9,2.6,4.2
10/3/2017,Makoma,K59,694560.2254,9726595.34,ACAROB,3.7,NA,NA,NA,9.4,NA,NA,1.9,2.3,3.8
10/3/2017,Makoma,K6,694467.2978,9726468.733,ACAROB,5,8.7,NA,NA,13.2,NA,NA,2.4,1.9,3.6
10/3/2017,Makoma,K60,694560.2263,9726596.003,ACAROB,9.2,NA,NA,NA,13.5,NA,NA,1.7,1.3,5.2
10/3/2017,Makoma,K61,694562.4495,9726595.005,ACAROB,5,NA,NA,NA,9.5,NA,NA,1.2,1.5,5.2
10/3/2017,Makoma,K62,694563.4502,9726594.782,ACAROB,9.4,NA,NA,NA,16.5,NA,NA,2.9,2.6,3.9
10/3/2017,Makoma,K63,694564.0066,9726595.003,ACAROB,6.2,NA,NA,NA,8.5,NA,NA,1.6,2.7,3.2
10/3/2017,Makoma,K64,694564.1191,9726595.998,ACAROB,11.5,NA,NA,NA,16.5,NA,NA,3.2,3.8,4.2
10/3/2017,Makoma,K65,694563.2315,9726597.658,ACAROB,10.1,NA,NA,NA,14.4,NA,NA,3.4,2.3,4
10/3/2017,Makoma,K66,694561.1157,9726595.67,ACAROB,5.4,NA,NA,NA,9.5,NA,NA,2.3,1.7,3.6
10/3/2017,Makoma,K67,694561.7829,9726595.559,ACAROB,5.6,NA,NA,NA,6.9,NA,NA,1.2,1,3.4
10/3/2017,Makoma,K68,694561.3391,9726596.444,ACAROB,8,NA,NA,NA,12,NA,NA,1.6,2.5,4.2
10/3/2017,Makoma,K69,694561.4523,9726597.881,ACAROB,8.2,NA,NA,NA,9.2,NA,NA,2.4,3.5,5.4
10/3/2017,Makoma,K7,694469.4159,9726472.38,ACAROB,15.2,NA,NA,NA,21.2,NA,NA,3.7,4,5.6
10/3/2017,Makoma,K70,694561.6732,9726596.775,ACAROB,7.4,NA,NA,NA,10.6,NA,NA,2.7,2.3,4.4
10/3/2017,Makoma,K71,694563.3429,9726597.768,ACAROB,3.6,NA,NA,NA,7.2,NA,NA,0.7,1.3,2.2
10/3/2017,Makoma,K72,694560.2294,9726598.325,ACAROB,3.5,NA,NA,NA,8.3,NA,NA,1.9,2.1,3.4
10/3/2017,Makoma,K73,694562.012,9726600.645,ACAROB,5.7,NA,NA,NA,7.8,NA,NA,1.4,0.7,3.6
10/3/2017,Makoma,K74,694560.8986,9726599.762,ACAROB,8.3,NA,NA,NA,12,NA,NA,3.2,2.9,5.2
10/3/2017,Makoma,K75,694564.1231,9726598.984,ACAROB,6,NA,NA,NA,9.5,NA,NA,1.5,1.2,4.8
10/3/2017,Makoma,K76,694562.7904,9726600.534,ACAROB,13.2,NA,NA,NA,16.5,NA,NA,2.2,4.3,3.6
10/3/2017,Makoma,K77,694561.3451,9726600.978,ACAROB,6.2,NA,NA,NA,9.6,NA,NA,1.2,2.2,3.4
10/3/2017,Makoma,K78,694557.3495,9726607.397,ACAROB,7.6,NA,NA,NA,11.8,NA,NA,1.9,3.4,4
10/3/2017,Makoma,K79,694563.4639,9726605.177,ACAROB,13.2,NA,NA,NA,18.1,NA,NA,4.1,3.8,4.8
10/3/2017,Makoma,K8,694472.307,9726471.823,ACAROB,6,6.4,NA,NA,12.5,NA,NA,1.8,2.7,3.4
10/3/2017,Makoma,K80,694569.0265,9726606.276,ACAROB,11,9.2,NA,NA,16.6,NA,NA,3.6,5.8,4.6
10/3/2017,Makoma,K81,694570.2437,9726601.519,ACAROB,10.6,NA,NA,NA,17,NA,NA,3.2,2.4,5
10/3/2017,Makoma,K82,694558.5728,9726607.285,ACAROB,10.2,11.2,10,NA,23.5,16.1,NA,7.4,6.9,4.8
10/3/2017,Makoma,K83,694554.5631,9726602.977,ACAROB,9.8,13.2,12.6,NA,27.5,NA,NA,5,4.6,5.2
10/3/2017,Makoma,K84,694564.6815,9726600.752,ACAROB,12.8,NA,NA,NA,16.2,NA,NA,3.2,3.8,4.6
10/3/2017,Makoma,K85,694566.3512,9726601.745,ACAROB,3.7,NA,NA,NA,7.6,NA,NA,1.5,1.1,2.8
10/3/2017,Makoma,K86,694566.7967,9726602.187,ACAROB,4.1,NA,NA,NA,6.5,NA,NA,1.8,1.2,2.2
10/3/2017,Makoma,K87,694560.1224,9726601.532,ACAROB,4.3,NA,NA,NA,6.8,NA,NA,2.1,1.4,2.5
10/3/2017,Makoma,K88,694561.5702,9726602.968,ACAROB,11.1,11,9.2,NA,22.3,NA,NA,3.3,3.6,4.2
10/3/2017,Makoma,K89,694568.6885,9726602.959,ACAROB,7.7,5,NA,NA,11.2,NA,NA,2.1,1.7,4.6
10/3/2017,Makoma,K9,694465.0955,9726485.545,ACAROB,5.4,8,6.7,NA,19.4,NA,NA,4.2,3.6,5.2
10/3/2017,Makoma,K90,694567.2338,9726596.326,ACAROB,10.2,NA,NA,NA,17.5,NA,NA,2.7,1.9,3.9
10/3/2017,Makoma,K91,694566.79,9726597.1,ACAROB,5.5,NA,NA,NA,9.8,NA,NA,1.1,1.3,3.6
10/3/2017,Makoma,K92,694560.3549,9726609.162,ACAROB,7,10.4,NA,NA,23.1,NA,NA,5.5,6.4,5.4
10/3/2017,Makoma,K93,694565.3569,9726606.834,ACAROB,11.6,NA,NA,NA,17.5,NA,NA,2.1,3.2,4.4
10/3/2017,Makoma,K94,694570.2474,9726604.284,ACAROB,12.6,NA,NA,NA,17.4,NA,NA,4.3,4.7,7.6
10/3/2017,Makoma,K95,694571.3599,9726604.503,ACAROB,11.8,18,NA,NA,27.8,NA,NA,5,4.3,7.2
10/3/2017,Makoma,K96,694574.4729,9726603.504,ACAROB,7.8,6.4,NA,NA,11.2,8.9,NA,4.5,2.4,7
10/3/2017,Makoma,K97,694579.481,9726605.82,ACAROB,18.5,10.8,NA,NA,34.4,NA,NA,8.9,7.8,7.4
10/3/2017,Makoma,K98,694583.1569,9726610.017,ACAROB,17.7,NA,NA,NA,25.2,NA,NA,5.1,2.4,4
10/3/2017,Makoma,K99,694583.3846,9726613.998,ACAROB,16.5,12.6,NA,NA,22.8,NA,NA,5.2,4.7,4.3
6/26/2017,Makoma,Tag 1949,695013.7849,9727212.064,ACATOR,16,NA,NA,NA,21.2,NA,NA,5.6,4.5,4.6
6/26/2017,Makoma,Tag 1950,695042.6504,9727235.041,ACATOR,11.8,9.5,NA,NA,17.1,NA,NA,3.7,4,3.3
6/26/2017,Makoma,Tag 1951,695068.2321,9727206.801,ACAROB,16.8,15.9,NA,NA,19.7,19.8,NA,4.2,3.8,7.6
6/26/2017,Makoma,Tag 1952,695090.4222,9727271.943,ACAROB,12.2,NA,NA,NA,17,NA,NA,4.3,2.8,5.6
6/26/2017,Makoma,Tag 1953,695025.733,9727082.151,ACATOR,15.2,NA,NA,NA,31,NA,NA,5.5,6.6,5.6
6/26/2017,Makoma,Tag 1954,694894.4193,9727002.036,ACAROB,20.9,NA,NA,NA,33.2,NA,NA,9,9.5,8.2
6/26/2017,Makoma,Tag 1955,694900.0364,9726949.102,ACATOR,15.4,NA,NA,NA,21.5,NA,NA,4.7,5,6.4
6/26/2017,Makoma,Tag 1956,694783.421,9726866.048,ACAROB,16.3,17.3,NA,NA,25.4,NA,NA,4.3,6.4,7.1
6/26/2017,Makoma,Tag 1957,694846.7756,9726899.481,ACATOR,11.7,NA,NA,NA,15.8,NA,NA,3.8,2.9,5.2
6/26/2017,Makoma,Tag 1958,694823.2011,9726844.955,ACATOR,14.9,NA,NA,NA,27.8,NA,NA,4.3,5.4,4.6
6/26/2017,Makoma,Tag 1959,694700.3344,9726765.032,ACAROB,14,10.2,NA,NA,19.1,NA,NA,4.6,5.5,3.8
6/26/2017,Makoma,Tag 1960,694635.4903,9726648.272,ACAROB,10.4,9.2,NA,NA,22.5,NA,NA,5.1,5.6,5.3
6/26/2017,Makoma,Tag 1961,694683.2778,9726563.083,ACATOR,13.6,13.2,NA,NA,22.4,NA,NA,5,5.6,5.2
6/26/2017,Makoma,Tag 1962,694555.712,9726588.602,ACAROB,22.5,NA,NA,NA,24.7,NA,NA,6.8,6.3,6.1
6/26/2017,Makoma,Tag 1963,694473.0049,9726485.407,ACAROB,12.3,10,NA,NA,18,NA,NA,4.8,3.4,6.2
6/26/2017,Makoma,Tag 1964,694458.3282,9726461.976,ACAROB,15.2,NA,NA,NA,18.5,NA,NA,5.3,4.8,6.3
6/26/2017,Makoma,Tag 1965,694449.567,9726442.374,ACAROB,12,NA,NA,NA,16.5,NA,NA,2.9,3.2,4.1
6/26/2017,Makoma,Tag 1966,694543.2521,9726387.119,ACATOR,13.2,17,12.5,NA,20.3,16.3,15.4,5.4,5.7,7.1
6/26/2017,Makoma,Tag 1967,694588.1717,9726403.503,ACATOR,12.8,9.7,NA,NA,23.1,NA,NA,5.1,3.8,5.2
6/26/2017,Makoma,Tag 1968,694554.1956,9726492.067,ACATOR,12.9,NA,NA,NA,20.1,NA,NA,3.9,3.4,5.4
6/26/2017,Mbuzi Mawe,M1,672463.2979,9748395.621,ACAROB,9.4,10.8,NA,NA,19.5,NA,NA,2.6,3,3.2
10/4/2017,Mbuzi Mawe,M10,720009.8508,9754650.046,ACAROB,15.1,NA,NA,NA,20,NA,NA,3,3.8,3.4
10/4/2017,Mbuzi Mawe,M100,720394.1056,9755195.891,ACAROB,8,NA,NA,NA,14,NA,NA,1.7,2.2,2.3
10/4/2017,Mbuzi Mawe,M101,720413.2538,9755218.772,ACAROB,10,NA,NA,NA,19.9,NA,NA,2.7,3.4,4
10/4/2017,Mbuzi Mawe,M102,720417.3117,9755226.767,ACAROB,8.7,11.3,NA,NA,15.2,15.6,NA,2.5,4.9,3.8
10/4/2017,Mbuzi Mawe,M103,720421.7632,9755222.098,ACAROB,12.3,5,NA,NA,26.2,NA,NA,3.7,5.2,3.4
10/4/2017,Mbuzi Mawe,M104,720436.9501,9755239.58,ACAROB,16.3,NA,NA,NA,23.2,NA,NA,4.5,3.9,5.8
10/4/2017,Mbuzi Mawe,M105,720437.3406,9755245.735,ACAROB,10.4,5.3,NA,NA,15.2,NA,NA,1.6,1.4,2.2
10/4/2017,Mbuzi Mawe,M106,720442.71,9755258.085,ACAROB,13,12.3,NA,NA,25,NA,NA,5.6,6.1,5.2
10/4/2017,Mbuzi Mawe,M107,720448.3076,9755266.708,ACAROB,15.4,NA,NA,NA,19.5,NA,NA,4.6,4.1,4.4
10/4/2017,Mbuzi Mawe,M108,720451.3248,9755270.403,ACAROB,14.4,NA,NA,NA,28.2,NA,NA,9,9.6,4.8
10/4/2017,Mbuzi Mawe,M109,720451.9271,9755274.499,ACAMEL,7.7,8.2,9.4,NA,20.4,NA,NA,9,9.6,4.8
10/4/2017,Mbuzi Mawe,M11,720004.5618,9754655.977,ACAROB,12.6,8.1,NA,NA,24.2,13.4,NA,3.6,4.2,3.4
10/4/2017,Mbuzi Mawe,M110,720453.5225,9755282.043,ACAROB,8.5,NA,NA,NA,12.5,NA,NA,1.6,2.2,2.8
10/4/2017,Mbuzi Mawe,M111,720461.2443,9755268.202,ACAROB,6.2,NA,NA,NA,10.5,NA,NA,2.6,1.4,3.2
10/4/2017,Mbuzi Mawe,M112,720467.3401,9755286.808,ACAROB,13.5,NA,NA,NA,18.6,NA,NA,5.2,4.5,6.2
10/4/2017,Mbuzi Mawe,M113,720483.6277,9755304.455,ACAROB,7,7.5,NA,NA,17.2,NA,NA,1.6,2,3.4
10/4/2017,Mbuzi Mawe,M114,720484.861,9755320.195,ACAMEL,4.3,9.2,3.5,NA,10.4,10.8,NA,3.9,5.2,2.3
10/4/2017,Mbuzi Mawe,M115,720487.7208,9755324.77,ACAROB,21.5,28.2,NA,NA,39.1,NA,NA,4.1,4.9,7.2
10/4/2017,Mbuzi Mawe,M116,720495.211,9755319.068,ACAROB,8.8,NA,NA,NA,17.4,NA,NA,3,2.7,3.4
10/4/2017,Mbuzi Mawe,M117,720499.0745,9755335.036,ACAMEL,13.4,NA,NA,NA,36.2,NA,NA,6.3,4.4,4.2
10/4/2017,Mbuzi Mawe,M118,720512.5134,9755349.498,ACAROB,17.6,NA,NA,NA,22,NA,NA,4.6,5,4.4
10/4/2017,Mbuzi Mawe,M12,720013.1843,9754646.232,ACAROB,10.1,6.3,NA,NA,16.2,NA,NA,2.6,3.5,3.2
10/4/2017,Mbuzi Mawe,M13,720030.0856,9754683.522,ACAROB,12.4,5.3,25.1,NA,16.2,28.4,NA,3.3,3.8,6.8
10/4/2017,Mbuzi Mawe,M14,720030.6475,9754692.337,ACAROB,3.3,NA,NA,NA,25,NA,NA,2.2,1.8,1.6
10/4/2017,Mbuzi Mawe,M15,720049.7042,9754709.637,ACAROB,13.1,NA,NA,NA,18.2,NA,NA,4.1,5.2,4.2
10/4/2017,Mbuzi Mawe,M16,720049.4953,9754713.8,ACAROB,13.1,NA,NA,NA,18.5,NA,NA,3.9,4.2,3.3
10/4/2017,Mbuzi Mawe,M17,720050.5233,9754722.485,ACAROB,13.6,NA,NA,NA,20.5,NA,NA,2.6,2.4,3.4
10/4/2017,Mbuzi Mawe,M18,720054.0967,9754737.665,ACAROB,9.2,19.1,NA,NA,24.1,15.8,NA,5.2,5,5.8
10/4/2017,Mbuzi Mawe,M19,720050.1661,9754741.285,ACAROB,12.2,NA,NA,NA,18.9,NA,NA,3.3,3.1,3.6
10/4/2017,Mbuzi Mawe,M2,719954.1143,9754582.189,ACAROB,14.2,10.6,5,NA,27.1,NA,NA,3.8,4.5,2.8
10/4/2017,Mbuzi Mawe,M20,720056.4017,9754752.735,ACAROB,10.6,13.2,NA,NA,18.5,17.6,NA,4.8,4.2,4.4
10/4/2017,Mbuzi Mawe,M21,720073.5387,9754743.247,ACAROB,5.7,8.6,NA,NA,12.4,NA,NA,2.3,1.8,2.4
10/4/2017,Mbuzi Mawe,M22,720083.7437,9754780.184,ACAROB,5.4,8.3,NA,NA,11.2,11.5,NA,1.7,1.5,2.2
10/4/2017,Mbuzi Mawe,M23,720084.9932,9754780.109,ACAROB,14.3,NA,NA,NA,19.3,NA,NA,3.7,4,3.2
10/4/2017,Mbuzi Mawe,M24,720088.9137,9754776.006,ACAROB,9.2,8.6,NA,NA,13.6,13.5,NA,2.6,4.1,3.4
10/4/2017,Mbuzi Mawe,M25,720090.2958,9754777.32,ACAROB,11.1,NA,NA,NA,14.2,NA,NA,2.1,1.9,2
10/4/2017,Mbuzi Mawe,M26,720098.3392,9754780.934,ACAROB,8.9,NA,NA,NA,15.2,NA,NA,3.6,2,4
10/4/2017,Mbuzi Mawe,M27,720099.0013,9754780.924,ACAROB,11.2,NA,NA,NA,14,NA,NA,3.1,1.7,4.1
10/4/2017,Mbuzi Mawe,M28,720100.6259,9754782.368,ACAROB,12.3,NA,NA,NA,17.4,NA,NA,3.5,2.9,4
10/4/2017,Mbuzi Mawe,M29,720099.337,9754787.923,ACAROB,8.2,NA,NA,NA,12.8,NA,NA,2.6,3.4,4.2
10/4/2017,Mbuzi Mawe,M3,719981.4936,9754595.631,ACAROB,7.2,5.5,NA,NA,19.5,NA,NA,1.7,2,3
10/4/2017,Mbuzi Mawe,M30,720102.6494,9754803.112,ACAROB,7,7.1,NA,NA,16.1,NA,NA,2,2.4,3.2
10/4/2017,Mbuzi Mawe,M31,720104.5455,9754812.408,ACAROB,10.3,NA,NA,NA,15,NA,NA,3.5,3.3,4.4
10/4/2017,Mbuzi Mawe,M32,720109.3472,9754804.633,ACAROB,14.5,NA,NA,NA,15.5,NA,NA,4.6,3.8,5.2
10/4/2017,Mbuzi Mawe,M33,720117.8476,9754808.283,ACAROB,12.6,NA,NA,NA,20.5,NA,NA,4.3,4.6,4.8
10/4/2017,Mbuzi Mawe,M34,720125.0662,9754822.679,ACAROB,10.2,NA,NA,NA,15.7,NA,NA,4.2,4.7,3.8
10/4/2017,Mbuzi Mawe,M35,720116.0107,9754829.375,ACAROB,12.5,NA,NA,NA,24.2,NA,NA,3.2,3.6,5.4
10/4/2017,Mbuzi Mawe,M36,720122.3079,9754838.118,ACAROB,12,NA,NA,NA,16.6,NA,NA,1.8,2.2,3.1
10/4/2017,Mbuzi Mawe,M37,720126.4458,9754843.118,ACAROB,11.5,NA,NA,NA,17.5,NA,NA,4.7,4.4,6
10/4/2017,Mbuzi Mawe,M38,720135.5323,9754824.733,ACAROB,11.9,NA,NA,NA,18.2,NA,NA,4.4,3.3,5.4
10/4/2017,Mbuzi Mawe,M39,720143.0744,9754864.853,ACAROB,8.8,NA,NA,NA,10.8,NA,NA,3.8,4.8,3
10/4/2017,Mbuzi Mawe,M4,719991.2841,9754608.513,ACAROB,8.3,7.2,NA,NA,12.4,16.5,NA,2.4,3.3,3.2
10/4/2017,Mbuzi Mawe,M40,720142.3969,9754867.311,ACAROB,13.2,NA,NA,NA,17.5,NA,NA,3,3.2,5.6
10/4/2017,Mbuzi Mawe,M41,720142.9301,9754868.478,ACAROB,9.5,8.5,NA,NA,18.1,NA,NA,2.8,2.5,2.7
10/4/2017,Mbuzi Mawe,M42,720149.2202,9754865.086,ACAROB,8.6,NA,NA,NA,16.1,NA,NA,4.1,3.5,3.8
10/4/2017,Mbuzi Mawe,M43,720162.6219,9754872.531,ACAROB,11.4,14.1,9.6,NA,21,17.1,NA,5.8,5.3,4.2
10/4/2017,Mbuzi Mawe,M44,720164.1931,9754875.986,ACAROB,16.2,11,NA,NA,21.5,NA,NA,4.4,4.1,6.2
10/4/2017,Mbuzi Mawe,M45,720159.998,9754883.983,ACAROB,10.3,NA,NA,NA,18.7,NA,NA,3.4,3.8,3.4
10/4/2017,Mbuzi Mawe,M46,720174.5994,9754896.052,ACAROB,8.7,10.2,NA,NA,17.2,NA,NA,2.6,3.4,2.4
10/4/2017,Mbuzi Mawe,M47,720171.6285,9754906.031,ACAROB,13.3,NA,NA,NA,16.9,NA,NA,5.2,6.6,4.2
10/4/2017,Mbuzi Mawe,M48,720184.2446,9754911.937,ACAROB,9.4,NA,NA,NA,13.8,NA,NA,3.5,3.8,2.2
10/4/2017,Mbuzi Mawe,M49,720191.9461,9754917.777,ACAROB,6.4,10.8,NA,NA,22.1,NA,NA,3.7,4.6,3.6
10/4/2017,Mbuzi Mawe,M5,719974.1743,9754610.547,ACAROB,8.4,NA,NA,NA,22.5,NA,NA,2.6,3.2,3.4
10/4/2017,Mbuzi Mawe,M50,720192.0531,9754921.058,ACAROB,11.3,NA,NA,NA,16.2,NA,NA,2.8,3.9,3.8
10/4/2017,Mbuzi Mawe,M51,720198.696,9754916.433,ACAROB,12.2,7,NA,NA,17,NA,NA,4.5,3.8,4.2
10/4/2017,Mbuzi Mawe,M52,720209.2619,9754951.256,ACAROB,11.2,12.7,NA,NA,24.5,NA,NA,6,6.6,5.6
10/4/2017,Mbuzi Mawe,M53,720218.0442,9754949.474,ACAROB,6.4,7,NA,NA,18,NA,NA,3.8,2.7,3.2
10/4/2017,Mbuzi Mawe,M54,720220.1071,9754957.916,ACAROB,16.3,NA,NA,NA,18.2,NA,NA,4.7,4.2,4.4
10/4/2017,Mbuzi Mawe,M55,720227.2456,9754982.176,ACAROB,6.2,5.4,NA,NA,11.6,NA,NA,3.2,3.4,3.6
10/4/2017,Mbuzi Mawe,M56,720239.308,9754985.478,ACAROB,9.9,8.4,NA,NA,20.7,NA,NA,2.2,2.6,3.4
10/4/2017,Mbuzi Mawe,M57,720267.8758,9755036.871,ACAROB,11.7,12.8,NA,NA,20.2,NA,NA,4.6,5.2,5.6
10/4/2017,Mbuzi Mawe,M58,720274.3844,9755043.278,ACAROB,10.3,NA,NA,NA,14.4,NA,NA,5,5.8,5.4
10/4/2017,Mbuzi Mawe,M59,720276.4002,9755044.369,ACAROB,14.2,16.6,13.5,NA,20.2,16.5,NA,3.7,3.2,3.2
10/4/2017,Mbuzi Mawe,M6,719980.2942,9754612.31,ACAROB,3,11.7,NA,NA,18.8,NA,NA,3.3,3,4.2
10/4/2017,Mbuzi Mawe,M60,720278.5452,9755044.394,ACAROB,9.4,18.3,NA,NA,23.5,NA,NA,5,4.4,6.2
10/4/2017,Mbuzi Mawe,M61,720280.2393,9755042.065,ACAROB,6.5,NA,NA,NA,9.4,NA,NA,3.6,4.2,4.2
10/4/2017,Mbuzi Mawe,M62,720284.9064,9755038.35,ACAROB,14.8,18.7,6.6,NA,29.4,NA,NA,6.8,5.9,7.2
10/4/2017,Mbuzi Mawe,M63,720288.2911,9755037.984,ACAROB,18.2,10.1,17.3,NA,32.2,23.1,NA,7.7,8.9,7.8
10/4/2017,Mbuzi Mawe,M64,720278.047,9755048.529,ACAROB,9.6,NA,NA,NA,12.5,NA,NA,5.3,4.7,4.4
10/4/2017,Mbuzi Mawe,M65,720278.7933,9755048.621,ACAROB,23.2,20.8,NA,NA,41.4,NA,NA,9.8,9.7,8.8
10/4/2017,Mbuzi Mawe,M66,720280.016,9755049.481,ACAROB,17.4,NA,NA,NA,23.1,NA,NA,5,5.3,5.2
10/4/2017,Mbuzi Mawe,M67,720286.585,9755052.235,ACAROB,26.2,NA,NA,NA,30.5,NA,NA,7.8,8.9,6.8
10/4/2017,Mbuzi Mawe,M68,720285.723,9755056.195,ACAROB,7.7,11.6,NA,NA,14.5,16.4,NA,4.6,4.1,4.8
10/4/2017,Mbuzi Mawe,M69,720287.8873,9755063.728,ACAROB,7.1,NA,NA,NA,12.5,NA,NA,2.6,3.1,3.4
10/4/2017,Mbuzi Mawe,M7,719986.7703,9754622.294,ACAROB,5,10.5,14.2,NA,24.5,NA,NA,6.6,6.8,5.4
10/4/2017,Mbuzi Mawe,M70,720291.4559,9755061.489,ACAROB,9.3,NA,NA,NA,15.4,NA,NA,2.3,2.7,4.2
10/4/2017,Mbuzi Mawe,M71,720296.4289,9755063.291,ACAROB,7.8,NA,NA,NA,17.2,NA,NA,2.8,2.4,3.2
10/4/2017,Mbuzi Mawe,M72,720294.7159,9755065.453,ACAROB,10,NA,NA,NA,29.5,NA,NA,3.2,2.7,5.2
10/4/2017,Mbuzi Mawe,M73,720296.9185,9755066.711,ACAROB,8.3,11.7,11.2,NA,16.3,NA,NA,5.7,5.9,5.4
10/4/2017,Mbuzi Mawe,M74,720300.0566,9755084.218,ACAROB,8.8,9.3,NA,NA,17.8,NA,NA,4.3,3.9,4.2
10/4/2017,Mbuzi Mawe,M75,720303.2134,9755087.792,ACAROB,10.8,NA,NA,NA,14.9,NA,NA,3.2,3.7,3.4
10/4/2017,Mbuzi Mawe,M76,720324.9419,9755108.528,ACAROB,8.6,11.5,NA,NA,13.5,NA,NA,4.6,4.4,5.2
10/4/2017,Mbuzi Mawe,M77,720352.6548,9755134.262,ACAROB,9.6,8.3,NA,NA,17.6,NA,NA,3.5,3,3.2
10/4/2017,Mbuzi Mawe,M78,720342.3166,9755137.298,ACAROB,10,7.6,10.8,NA,22.3,NA,NA,4.7,5.1,5.6
10/4/2017,Mbuzi Mawe,M79,720343.7151,9755137.037,ACAROB,4.6,NA,NA,NA,12.3,NA,NA,0.7,1.2,1.8
10/4/2017,Mbuzi Mawe,M8,720000.6659,9754622.739,ACAROB,14.4,6.3,NA,NA,18,6.8,NA,2.1,2.4,3.1
10/4/2017,Mbuzi Mawe,M80,720343.2237,9755139.086,ACAROB,5.8,NA,NA,NA,14.4,NA,NA,2.1,1.8,2.8
10/4/2017,Mbuzi Mawe,M81,720346.9036,9755136.365,ACAROB,9.2,8.7,9.7,NA,20.5,21.1,NA,3.3,2.9,3.4
10/4/2017,Mbuzi Mawe,M82,720347.369,9755135.678,ACAROB,12.8,NA,NA,NA,18.1,NA,NA,3.6,4.5,6.2
10/4/2017,Mbuzi Mawe,M83,720356.7496,9755155.875,ACAROB,10.2,NA,NA,NA,28.4,NA,NA,2.8,3.7,3.4
10/4/2017,Mbuzi Mawe,M84,720360.5695,9755153.135,ACAROB,6.4,10.1,NA,NA,17.4,NA,NA,3.8,4.2,3.6
10/4/2017,Mbuzi Mawe,M85,720361.8096,9755153.004,ACAROB,10.8,NA,NA,NA,13.8,NA,NA,4.3,3.4,4.8
10/4/2017,Mbuzi Mawe,M86,720356.9201,9755157.794,ACAROB,7.2,NA,NA,NA,11,NA,NA,1.3,2,1.7
10/4/2017,Mbuzi Mawe,M87,720363.2042,9755156.812,ACAROB,7,6.6,7.2,NA,22.4,NA,NA,3.3,2.7,3
10/4/2017,Mbuzi Mawe,M88,720365.1325,9755148.253,ACAROB,10.3,NA,NA,NA,17.4,NA,NA,2.4,2.7,3.2
10/4/2017,Mbuzi Mawe,M89,720364.2155,9755145.927,ACAROB,7.7,12.6,NA,NA,19.8,NA,NA,3.2,2.8,1.8
10/4/2017,Mbuzi Mawe,M9,719999.3598,9754643.237,ACAROB,9.5,NA,NA,NA,16.4,NA,NA,3.2,3.5,3
10/4/2017,Mbuzi Mawe,M90,720368.0324,9755175.911,ACAROB,11.2,11,NA,NA,18.5,NA,NA,3.3,4.4,4.5
10/4/2017,Mbuzi Mawe,M91,720369.2715,9755175.02,ACAROB,12.8,NA,NA,NA,19.4,NA,NA,4.2,3.7,4.4
10/4/2017,Mbuzi Mawe,M92,720372.151,9755173.403,ACAROB,13.1,NA,NA,NA,18.2,NA,NA,3.7,5.2,4.2
10/4/2017,Mbuzi Mawe,M93,720369.4102,9755174.037,ACAROB,10,NA,NA,NA,15.1,NA,NA,3.8,3.2,4
10/4/2017,Mbuzi Mawe,M94,720371.9411,9755169.908,ACAROB,16.1,NA,NA,NA,30.5,NA,NA,3,3.7,5.4
10/4/2017,Mbuzi Mawe,M95,720376.5507,9755164.924,ACAROB,17.2,NA,NA,NA,28.5,NA,NA,4.2,5.9,6.6
10/4/2017,Mbuzi Mawe,M96,720381.4694,9755168.069,ACAROB,13.2,NA,NA,NA,16.1,NA,NA,4.6,3.4,4.4
10/4/2017,Mbuzi Mawe,M97,720381.8508,9755174.271,ACAROB,10.4,NA,NA,NA,14,NA,NA,3.3,3.8,3.8
10/4/2017,Mbuzi Mawe,M98,720385.2349,9755180.422,ACAROB,10.2,NA,NA,NA,18.2,NA,NA,2.6,3.4,3.6
10/4/2017,Mbuzi Mawe,M99,720382.8422,9755183.428,ACAROB,64.2,NA,NA,NA,65.2,NA,NA,2.7,9.2,5.4
10/4/2017,Mbuzi Mawe,XXX,720118.6002,9754806.169,ACAROB,12.1,NA,NA,NA,18.2,8.7,NA,3.6,4.1,4.4
6/24/2017,Mbuzi Mawe,Tag 1000,720177.1932,9754904.002,ACAROB,18,16.5,NA,NA,28.8,NA,NA,7.4,6.8,7.5
6/24/2017,Mbuzi Mawe,Tag 1946,720126.1774,9754823.735,ACAROB,28.8,NA,NA,NA,30.7,NA,NA,7.5,7.9,8.1
6/24/2017,Mbuzi Mawe,Tag 1947,720040.7308,9754701.019,ACAROB,15,NA,NA,NA,19.1,NA,NA,4.7,4.8,6.1
6/24/2017,Mbuzi Mawe,Tag 1948,719986.4158,9754587.383,ACAROB,19.6,NA,NA,NA,23,NA,NA,5.5,5.9,7.5
6/24/2017,Mbuzi Mawe,Tag 969,720387.3518,9755215.265,ACATOR,8.2,NA,NA,NA,11,NA,NA,3.1,2.8,3.5
6/24/2017,Mbuzi Mawe,Tag 970,720265.795,9755126.61,ACATOR,11.2,NA,NA,NA,14,NA,NA,3.2,1.6,2.6
6/24/2017,Mbuzi Mawe,Tag 971,720235.3496,9755121.663,ACATOR,13.7,NA,NA,NA,19.5,NA,NA,3.6,3.2,4
6/24/2017,Mbuzi Mawe,Tag 972,720239.7331,9755031.356,ACATOR,15.8,10,20.4,15.1,25,19.5,NA,6.7,5.8,4.6
6/24/2017,Mbuzi Mawe,Tag 973,720219.1931,9755013.715,ACATOR,16,NA,NA,NA,41,NA,NA,4.1,4.2,3.8
6/24/2017,Mbuzi Mawe,Tag 974,720171.1212,9754972.99,ACATOR,11.2,NA,NA,NA,22.9,NA,NA,3.1,3.1,4.3
6/24/2017,Mbuzi Mawe,Tag 989,720105.6815,9754964.53,ACATOR,10.8,NA,NA,NA,17.8,NA,NA,3.8,3.5,4.4
6/24/2017,Mbuzi Mawe,Tag 990,720114.1713,9755022.968,ACATOR,11,141,NA,NA,12.3,15,NA,4.7,3.8,4.4
6/24/2017,Mbuzi Mawe,Tag 991,720285.0902,9754778.376,ACATOR,11.2,NA,NA,NA,18.4,NA,NA,3.8,3,3.7
6/24/2017,Mbuzi Mawe,Tag 992,720454.6779,9755302.223,ACAROB,16.8,NA,NA,NA,26,NA,NA,4.7,6.1,7.5
6/24/2017,Mbuzi Mawe,Tag 993,720414.1004,9755259.069,ACAROB,13.2,NA,NA,NA,17.4,NA,NA,3.1,3.5,4
6/24/2017,Mbuzi Mawe,Tag 995,720364.4424,9755155.225,ACAROB,13.5,12.5,11.2,NA,22.5,NA,NA,4.2,4.8,6.5
6/24/2017,Mbuzi Mawe,Tag 996,720301.1337,9755087.73,ACAROB,29.8,12.5,14.8,NA,32.2,NA,NA,6.6,8.2,9.1
6/24/2017,Mbuzi Mawe,Tag 997,720253.038,9754994.397,ACAROB,28.2,18.1,17.7,NA,43.1,NA,NA,8,9.3,8.9
6/24/2017,Mbuzi Mawe,Tag 999,720216.226,9754942.737,ACAROB,17.3,NA,NA,NA,20.5,NA,NA,3,4.2,6.8
7/28/2017,Mbuzi Mawe,Tag970,720066.7247,9755080.423,ACATOR,18,14,12.1,NA,29.8,30.1,NA,6.5,6,4.5
6/24/2017,Mbuzi Mawe,Tag975,720203.5815,9754950.429,ACATOR,8.2,NA,NA,NA,24.5,NA,NA,3.3,3.3,3.3
7/25/2017,Simiyu,SM1,686948.5543,9677489.724,ACATOR,12.8,NA,NA,NA,28.1,NA,NA,4.5,4.3,6.1
7/25/2017,Simiyu,SM10,686998.5563,9677544.829,ACATOR,7.3,NA,NA,NA,22,NA,NA,5.3,4.4,4.3
7/25/2017,Simiyu,SM11,687005.4566,9677549.574,ACATOR,33.5,NA,NA,NA,45.3,NA,NA,9.3,9,11.4
7/25/2017,Simiyu,SM12,687024.1537,9677562.262,ACATOR,15.5,7.7,6.2,NA,30.2,8.6,NA,5.7,6.9,5
7/25/2017,Simiyu,SM13,687036.7283,9677569.763,ACATOR,18.1,5,4.3,NA,24.2,21.1,NA,6.4,5.8,4.2
7/25/2017,Simiyu,SM14,687034.4368,9677598.739,ACATOR,27.2,18.6,NA,NA,43.2,22.1,NA,9.4,8.4,8.7
7/25/2017,Simiyu,SM15,687041.9963,9677598.285,ACATOR,36.1,NA,NA,NA,44.4,NA,NA,9.2,12.2,9.8
7/25/2017,Simiyu,SM16,687057.0183,9677606.777,ACATOR,5.3,6.2,12.8,NA,21.2,NA,NA,6.5,6.7,4.8
7/25/2017,Simiyu,SM17,687054.371,9677620.825,ACATOR,8.2,NA,NA,NA,16.6,NA,NA,4.2,4.4,4
7/25/2017,Simiyu,SM18,687053.2648,9677624.586,ACATOR,25.5,28.7,NA,NA,44.2,NA,NA,11.4,10.9,9.6
7/25/2017,Simiyu,SM19,687051.1701,9677636.422,ACATOR,2.3,2,NA,NA,5,3.8,NA,3.6,3.3,1.5
7/25/2017,Simiyu,SM2,686954.7807,9677489.936,ACATOR,27,NA,NA,NA,42.9,NA,NA,9.4,9.6,9.5
7/25/2017,Simiyu,SM20,687058.4221,9677653.33,COMAFR,3.5,3.2,NA,NA,15,NA,NA,NA,NA,2.2
7/25/2017,Simiyu,SM21,687071.7673,9677655.743,COMAFR,6.4,7,6.6,NA,20.6,NA,NA,3.8,4.1,4
7/25/2017,Simiyu,SM22,687069.0619,9677630.977,ACATOR,13.7,NA,NA,NA,24.3,NA,NA,3.6,2.9,5.2
7/25/2017,Simiyu,SM23,687081.4553,9677666.012,ACATOR,33,NA,NA,NA,49.7,NA,NA,10.6,11.8,8.7
7/25/2017,Simiyu,SM24,687087.5877,9677677.725,ACATOR,6.4,4.2,14,NA,22.1,NA,NA,3.7,6.6,4.1
7/25/2017,Simiyu,SM25,687089.377,9677684.688,ACATOR,25.8,NA,NA,NA,39,NA,NA,10.3,8.6,7.8
7/25/2017,Simiyu,SM26,687087.7074,9677683.475,ACATOR,23.4,NA,NA,NA,26.4,NA,NA,3,4.4,4.4
7/25/2017,Simiyu,SM27,687086.0414,9677684.583,COMAFR,8.4,8.2,10.7,NA,14.8,10.2,NA,4,3.5,4.1
7/25/2017,Simiyu,SM28,687077.3735,9677687.36,ACATOR,32.1,3.2,3.6,NA,37.2,17.4,NA,7.1,6.6,10.9
7/25/2017,Simiyu,SM29,687079.1532,9677687.911,ACATOR,28.8,NA,NA,NA,34.3,NA,NA,9.4,8.2,9.5
7/25/2017,Simiyu,SM3,686954.7921,9677497.566,ACATOR,26.1,26,NA,NA,30.4,28.3,NA,11.3,14.5,10.4
7/25/2017,Simiyu,SM30,687073.8431,9677705.611,ACATOR,18.4,4.2,NA,NA,25.3,NA,NA,6.3,5.7,5.6
7/25/2017,Simiyu,SM31,687092.9721,9677709.674,ACATOR,13.2,NA,NA,NA,18.4,NA,NA,4.2,3.2,4.4
7/25/2017,Simiyu,SM32,687091.5297,9677711.667,ACATOR,18.2,NA,NA,NA,21.3,NA,NA,2.8,3.7,4
7/25/2017,Simiyu,SM33,687093.5308,9677711.553,COMAFR,12.6,NA,NA,NA,20.1,NA,NA,4.8,3.3,3.6
7/25/2017,Simiyu,SM34,687097.8782,9677719.177,ACAROB,4.7,5,NA,NA,5.2,17,NA,5.1,5.5,3.6
7/25/2017,Simiyu,SM35,687096.2138,9677721.391,ACATOR,5.3,8,NA,NA,15.2,NA,NA,4.3,3.7,4.2
7/25/2017,Simiyu,SM36,687081.66,9677728.601,ACATOR,3.5,6.6,NA,NA,22.4,NA,NA,5.8,4.2,3.5
7/25/2017,Simiyu,SM37,687100.8989,9677731.779,ACATOR,3.7,4,4.3,NA,17,NA,NA,4.1,3.8,3.4
7/25/2017,Simiyu,SM38,687096.1244,9677735.988,ACATOR,5.3,8.2,7,NA,7.3,22.2,NA,5.4,6,5.3
7/25/2017,Simiyu,SM39,687087.7979,9677743.962,ACATOR,4.3,3.5,NA,NA,6.6,7.5,NA,3,2.8,3.5
7/25/2017,Simiyu,SM4,686964.1594,9677516.461,ACATOR,11.6,NA,NA,NA,11.9,NA,NA,2.8,2.4,3.1
7/25/2017,Simiyu,SM40,687099.1689,9677764.513,ACATOR,3.2,NA,NA,NA,7.6,NA,NA,2,2.5,2.7
7/25/2017,Simiyu,SM41,687102.622,9677768.821,ACATOR,5,4.4,4.6,NA,11,NA,NA,2,3.5,3.3
7/25/2017,Simiyu,SM42,687099.1845,9677774.908,ACATOR,20,NA,NA,NA,48.3,NA,NA,8.3,8.4,5.6
7/25/2017,Simiyu,SM43,687092.5246,9677782.216,ACATOR,5.2,4,4.2,NA,32.1,NA,NA,4.2,6.6,4
7/25/2017,Simiyu,SM44,687087.8684,9677791.18,ACATOR,16.3,NA,NA,NA,24.2,NA,NA,7.6,7.2,4.6
7/25/2017,Simiyu,SM45,687102.6415,9677781.869,ACATOR,8.2,8.6,NA,NA,20,22.3,NA,4.9,6.5,4.6
7/25/2017,Simiyu,SM46,687106.5205,9677773.68,ACATOR,5.5,5.2,5.3,NA,11.8,8.3,8.7,4.8,6.2,3.5
7/25/2017,Simiyu,SM47,687112.6453,9677780.306,ACATOR,3,2.8,NA,NA,4.5,5,NA,3.1,3.6,3.1
7/25/2017,Simiyu,SM48,687116.5412,9677783.396,ACATOR,8.3,4.2,3.6,NA,12.4,5,NA,4.2,3.7,2.7
7/25/2017,Simiyu,SM49,687104.5409,9677788.169,ACATOR,9.2,NA,NA,NA,22,NA,NA,3.3,3.6,5.1
7/25/2017,Simiyu,SM5,686975.8336,9677516.665,BALAEG,9.5,NA,NA,NA,18.6,NA,NA,1.4,1.2,2.4
7/25/2017,Simiyu,SM50,687116.773,9677789.699,BALAG,5.6,NA,NA,NA,11.2,NA,NA,1.1,1,2.2
7/25/2017,Simiyu,SM51,687117.7728,9677789.145,ACATOR,22.8,NA,NA,NA,36.6,NA,NA,8.2,7.7,9.1
7/25/2017,Simiyu,SM52,687118.8957,9677796.552,ACATOR,17,NA,NA,NA,39.2,NA,NA,6.2,8.5,5.5
7/25/2017,Simiyu,SM53,687114.7822,9677796.669,ACATOR,6.4,NA,NA,NA,6.6,NA,NA,3.9,4.2,3.3
7/25/2017,Simiyu,SM54,687106.117,9677801.216,ACATOR,10.3,7.7,NA,NA,15,NA,NA,4.9,4,3.8
7/25/2017,Simiyu,SM55,687102.6727,9677802.769,ACATOR,4,7.4,9.8,NA,17.3,NA,NA,4.9,6.4,4.6
7/25/2017,Simiyu,SM56,687108.911,9677810.943,ACATOR,10.1,22.4,4.7,NA,39.4,NA,NA,8.2,7.1,6.6
7/25/2017,Simiyu,SM57,687118.4624,9677804.183,ACATOR,8.7,12.6,9.6,NA,17.4,NA,NA,5.8,8.5,4.4
7/25/2017,Simiyu,SM58,687130.615,9677826.944,ACATOR,30.7,NA,NA,NA,16.4,NA,NA,9.8,8.7,8.6
7/25/2017,Simiyu,SM59,687131.5172,9677835.458,ACATOR,2.8,3.6,NA,NA,7.6,NA,NA,3.7,3.1,3
7/25/2017,Simiyu,SM6,686977.058,9677517.658,ACATOR,14.9,7,NA,NA,21,21.3,NA,6.8,7,5.6
7/25/2017,Simiyu,SM60,687123.2973,9677840.446,ACATOR,6.6,3.7,NA,NA,10.4,11.2,NA,5.5,4.9,3.7
7/25/2017,Simiyu,SM61,687122.9793,9677850.841,ACATOR,11,5.6,13.5,NA,23.2,5,NA,5.6,6.4,7.5
7/25/2017,Simiyu,SM62,687123.6613,9677860.792,ACATOR,30.4,NA,NA,NA,43.5,NA,NA,11.2,12.4,10.6
7/25/2017,Simiyu,SM63,687122.9982,9677863.447,ACATOR,14.6,NA,NA,NA,23.1,NA,NA,7.1,3.6,5.8
7/25/2017,Simiyu,SM64,687125.3318,9677862.67,BALAEG,9,15.3,11.9,NA,35.6,NA,NA,4.4,3.3,3.7
7/25/2017,Simiyu,SM65,687135.0064,9677863.982,ACATOR,2.3,NA,NA,NA,4.1,NA,NA,1.2,1.1,2.6
7/25/2017,Simiyu,SM66,687133.3481,9677870.288,ACATOR,3.3,4,3.5,NA,6.3,6.8,NA,3,2.8,3.5
7/25/2017,Simiyu,SM67,687142.1424,9677877.684,ACATOR,6.3,14.6,NA,NA,23.4,NA,NA,6.6,4.8,4.8
7/25/2017,Simiyu,SM68,687132.3776,9677890.415,ACATOR,12.6,NA,NA,NA,20.5,NA,NA,6.3,5.4,4.6
7/25/2017,Simiyu,SM69,687140.9431,9677893.499,ACATOR,7.6,8.4,NA,NA,11.7,10.4,NA,4.3,3.7,4.3
7/25/2017,Simiyu,SM7,686985.8409,9677517.424,ACATOR,25.7,NA,NA,NA,39.3,NA,NA,12.1,7.5,11
7/25/2017,Simiyu,SM70,687152.5044,9677892.597,ACATOR,12.8,13.1,15,NA,14.5,16.8,17.2,5.9,7.4,5.2
7/25/2017,Simiyu,SM71,687156.3049,9677906.192,ACATOR,4.3,NA,NA,NA,15.3,NA,NA,4,3.5,2.7
7/25/2017,Simiyu,SM72,687147.521,9677905.763,ACATOR,4.3,7.2,NA,NA,13.3,NA,NA,2.9,3.7,2.8
7/25/2017,Simiyu,SM73,687142.188,9677908.204,ACATOR,15.3,18.6,14.8,NA,25,16.2,NA,6.4,9.3,5.4
7/25/2017,Simiyu,SM74,687166.8069,9677940.346,BALAG,35.6,NA,NA,NA,42.5,NA,NA,9,7.8,8.5
7/25/2017,Simiyu,SM76,687181.212,9677982.456,BALAEG,12.7,4.4,5.5,NA,23.8,NA,NA,5.6,4.3,5.1
7/25/2017,Simiyu,SM77,687182.2148,9677983.892,ACATOR,29.6,NA,NA,NA,42.7,NA,NA,8.2,9.3,10.3
7/25/2017,Simiyu,SM78,687188.2573,9678009.869,ACATOR,10.7,NA,NA,NA,17.5,NA,NA,5.1,4.2,4.5
7/25/2017,Simiyu,SM79,687175.4725,9678010.441,ACATOR,27.6,NA,NA,NA,30.4,NA,NA,7.6,4.7,6.6
7/25/2017,Simiyu,SM8,686991.7402,9677521.949,ACATOR,38.5,NA,NA,NA,45.5,NA,NA,11.8,12.3,10.8
7/25/2017,Simiyu,SM80,687176.0348,9678014.753,ACATOR,6,4.7,8.4,NA,9.6,13.4,NA,4.1,3.8,4.4
7/25/2017,Simiyu,SM81,687177.1458,9678014.199,ACATOR,2.7,NA,NA,NA,5.2,3.6,NA,2.8,2.4,2.6
7/25/2017,Simiyu,SM82,687193.2748,9678019.482,ACATOR,16.3,NA,NA,NA,20.2,NA,NA,2.8,2.3,3.1
7/25/2017,Simiyu,SM83,687195.6106,9678020.142,ACAXAN,1.3,NA,NA,NA,3.8,2.7,NA,1.8,1.8,2
7/25/2017,Simiyu,SM84,687194.4127,9678036.953,ACATOR,4,NA,NA,NA,6.2,NA,NA,2.1,2.6,2.6
7/25/2017,Simiyu,SM85,687188.0738,9678035.856,BALAEG,11.8,4.6,NA,NA,10.6,NA,NA,1.7,1.5,2.9
7/25/2017,Simiyu,SM86,687186.4175,9678043.489,GREBIC,2.7,2.5,3,NA,6.2,2.8,NA,3.5,3.1,2.6
7/25/2017,Simiyu,SM87,687203.2097,9678046.118,ACATOR,3.2,4,2.3,NA,9,4.7,NA,3.7,3.4,2.8
7/25/2017,Simiyu,SM88,687226.969,9678098.276,BALAEG,30.7,NA,NA,NA,36.6,NA,NA,4.4,5.3,6.5
7/25/2017,Simiyu,SM89,687230.8552,9678094.842,ACATOR,22.5,27.6,NA,NA,42.3,NA,NA,11.7,9.7,9.7
7/25/2017,Simiyu,SM9,686993.9836,9677535.215,ACATOR,27,NA,NA,NA,36.3,NA,NA,7.1,6.7,10.5
7/25/2017,Simiyu,SM90,687236.1862,9678091.075,ACATOR,19.4,15.5,NA,NA,29.6,24.7,NA,13.1,6.3,6.3
7/2/2017,Simiyu,Tag 1842,687217.0552,9678068.163,ACATOR,39,NA,NA,NA,43.4,NA,NA,11.5,11.3,7.1
7/3/2017,Simiyu,Tag 1843,687167.5658,9677971.035,ACATOR,15.1,14.7,NA,NA,31.3,NA,NA,5,7.1,5.6
7/4/2017,Simiyu,Tag 1844,687139.9677,9677911.877,ACATOR,23.4,NA,NA,NA,26.5,NA,NA,7.3,6.7,4.8
7/5/2017,Simiyu,Tag 1845,687115.7668,9677831.2,ACATOR,21,17.4,NA,NA,39.4,NA,NA,7.2,8.8,6.6
7/6/2017,Simiyu,Tag 1846,687097.5895,9677721.652,ACATOR,15.6,NA,NA,NA,18.5,NA,NA,4.8,4.4,5.7
7/7/2017,Simiyu,Tag 1847,687022.2596,9677693.699,ACATOR,33.4,NA,NA,NA,42.1,NA,NA,9.4,10.2,9.6
7/8/2017,Simiyu,Tag 1848,686992.5708,9677626.146,ACATOR,21.6,NA,NA,NA,32.8,NA,NA,7.1,8.2,6.1
7/9/2017,Simiyu,Tag 1849,686989.3442,9677568.545,ACATOR,13.2,NA,NA,NA,16.6,NA,NA,5.5,4.1,5.6
7/10/2017,Simiyu,Tag 1850,686924.6256,9677525.95,ACATOR,27.2,NA,NA,NA,36,NA,NA,9.1,8.6,7.6
7/11/2017,Simiyu,Tag 1851,686988.5432,9677512.739,ACATOR,27.4,NA,NA,NA,32.1,NA,NA,8.4,8.7,7.7
10/10/2017,Soit,So1,733189.778,9720921.453,ACATOR,10.7,12.7,NA,NA,17.4,10.7,NA,4.6,4.2,3.4
10/10/2017,Soit,So10,733338.8695,9720902.235,ACATOR,10.7,NA,NA,NA,12.3,NA,NA,3.4,3.8,3.4
10/10/2017,Soit,So11,733372.2793,9720868.249,ACATOR,8.6,NA,NA,NA,11.3,NA,NA,1.8,2.4,4
10/10/2017,Soit,So12,733375.0421,9720875.745,ACATOR,9.8,NA,NA,NA,15.2,NA,NA,2.2,2.7,4.6
10/10/2017,Soit,So13,733395.7671,9720885.576,ACATOR,6.4,6.6,NA,NA,12.3,NA,NA,1.2,1.4,2.8
10/10/2017,Soit,So14,733402.7921,9720887.956,ACATOR,7.5,8.6,NA,NA,12.3,12,NA,2.3,2.7,4.4
10/10/2017,Soit,So15,733397.2638,9720871.268,ACATOR,8.6,10,NA,NA,21.3,14.3,NA,5.2,4.4,4.6
10/10/2017,Soit,So16,733396.4714,9720871.381,ACATOR,8.3,8.7,5.1,NA,12.4,7.7,NA,4,3.7,3.8
10/10/2017,Soit,So17,733411.3371,9720878.95,ACATOR,8.4,7.7,NA,NA,10.6,11.3,NA,3.4,3.6,3.6
10/10/2017,Soit,So19,733576.0461,9720853.467,ACATOR,9.3,5.7,NA,NA,15.4,NA,NA,3,2.7,5
10/10/2017,Soit,So2,733252.9099,9720908.381,ACATOR,11,NA,NA,NA,15.2,NA,NA,3.1,2.8,3.8
10/10/2017,Soit,So20,733600.7933,9720853.872,ACATOR,9.8,NA,NA,NA,18.6,NA,NA,3.3,3.8,3.2
10/10/2017,Soit,So3,733272.2238,9720904.753,ACATOR,10.6,NA,NA,NA,19.2,NA,NA,2.5,2,4.4
10/10/2017,Soit,So4,733278.4179,9720900.664,ACATOR,6.6,9.4,NA,NA,13.2,8.3,NA,1.8,2.2,3.2
10/10/2017,Soit,So5,733285.2217,9720893.05,ACATOR,6.4,11.2,6,NA,9.4,2.3,NA,3.8,3.2,4.4
10/10/2017,Soit,So6,733297.0893,9720897.583,ACATOR,9,8.7,10.2,NA,11.4,14.3,NA,4.2,5.3,3.6
10/10/2017,Soit,So7,733291.592,9720911.545,ACATOR,12.3,8,NA,NA,11.6,19.8,NA,2.9,4,5.2
10/10/2017,Soit,So8,733315.8118,9720897.182,ACATOR,11.2,10.5,NA,NA,13.6,14.8,NA,1.8,2.4,4.8
10/10/2017,Soit,So9,733320.9134,9720897.99,ACATOR,14,11.1,NA,NA,16.2,12.3,NA,2.8,3.6,5
7/24/2017,Soit,Tag 1832,733193.166,9720906.141,ACATOR,17.4,9.4,8.3,NA,33.2,8.5,NA,5.4,5.2,6
7/25/2017,Soit,Tag 1833,733215.7104,9720916.785,ACATOR,10.8,NA,NA,NA,17.2,NA,NA,3.7,4,4.3
7/26/2017,Soit,Tag 1834,733277.3949,9720890.819,ACATOR,15.6,13.5,NA,NA,22,17,NA,5.5,4.9,5.2
7/27/2017,Soit,Tag 1835,733346.9186,9720874.752,ACATOR,14.6,NA,NA,NA,16.4,NA,NA,3.7,3.4,5.2
7/28/2017,Soit,Tag 1836,733413.8356,9720867.069,ACATOR,9.1,8.3,NA,NA,14,NA,NA,4.1,5,4.5
7/29/2017,Soit,Tag 1837,733489.8743,9720872.583,ACATOR,10.6,7.5,NA,NA,14.6,NA,NA,3.6,4.1,3.5
7/30/2017,Soit,Tag 1838,733572.3071,9720859.276,ACATOR,13.6,NA,NA,NA,16.5,NA,NA,3.9,3.5,5.1
7/31/2017,Soit,Tag 1839,733627.1027,9720811.229,ACATOR,9.8,9,NA,NA,18.2,NA,NA,4.4,4.6,3.5
7/1/2017,Soit,Tag 1840,733492.1218,9720763.145,ACATOR,11,18.5,NA,NA,15.1,18.2,NA,6.3,7.6,5.4
7/2/2017,Soit,Tag 1841,733391.4218,9720804.582,ACATOR,12.1,13.9,12.3,NA,15.3,20.4,14.5,5.7,7.6,5.4
6/21/2017,Tawiri,172,708051.0568,9731669.343,ACAROB,12.4,NA,NA,NA,14.5,NA,NA,3.5,4.3,6.2
6/21/2017,Tawiri,173,708048.4839,9731669.662,ACAROB,13.4,NA,NA,NA,17.1,NA,NA,2.9,3.2,6.6
6/21/2017,Tawiri,179,708048.9033,9731669.596,ACAROB,9.9,NA,NA,NA,13.2,NA,NA,3.2,3.5,5.5
6/21/2017,Tawiri,180,708047.3843,9731670.127,ACAROB,11.8,NA,NA,NA,18.9,NA,NA,2.6,2.4,6.2
6/21/2017,Tawiri,181,708044.634,9731670.279,ACAROB,7.3,NA,NA,NA,9.2,NA,NA,2.6,2.4,4.6
6/21/2017,Tawiri,187,708045.7033,9731668.145,ACAROB,8.9,NA,NA,NA,11.4,NA,NA,3.3,2.9,6.5
6/21/2017,Tawiri,188,708043.5509,9731669.159,ACAROB,9.5,NA,NA,NA,11.5,NA,NA,3,2.8,4.5
6/21/2017,Tawiri,189,708025.6182,9731673.438,ACAROB,7.1,NA,NA,NA,11.2,NA,NA,3,2.8,3.8
6/21/2017,Tawiri,190,708028.5055,9731677.93,ACAROB,11.2,NA,NA,NA,11.5,NA,NA,3.1,3,5
6/21/2017,Tawiri,195,708027.7405,9731677.69,ACAROB,8.9,NA,NA,NA,10.8,NA,NA,3.1,2.8,3.5
6/21/2017,Tawiri,199,708026.373,9731679.88,ACAROB,8.6,NA,NA,NA,12.1,NA,NA,3.1,3.4,5.5
6/21/2017,Tawiri,200,708031.3886,9731679.446,ACAROB,9.5,NA,NA,NA,12.5,NA,NA,4.2,3.5,5.4
6/21/2017,Tawiri,201,708031.724,9731679.307,ACAROB,7.5,NA,NA,NA,10,NA,NA,2.4,2.8,5.5
6/21/2017,Tawiri,202,708029.1187,9731683.139,ACAROB,7.4,NA,NA,NA,12,NA,NA,3,3.4,5.7
6/21/2017,Tawiri,203,708031.059,9731683.85,ACAROB,7.6,NA,NA,NA,11,NA,NA,2,1.9,4.6
6/21/2017,Tawiri,205,708029.3964,9731688.394,ACAROB,22,NA,NA,NA,26.8,NA,NA,4.6,5.4,7.8
6/21/2017,Tawiri,207,708022.8099,9731672.033,ACAROB,8.2,NA,NA,NA,10.4,NA,NA,3.2,2.7,4.4
6/21/2017,Tawiri,208,708020.7692,9731672.843,ACAROB,9.7,NA,NA,NA,11.9,NA,NA,2.6,2.8,3.6
6/21/2017,Tawiri,209,708017.9701,9731671.41,ACAROB,7.9,NA,NA,NA,10.8,NA,NA,2.2,2.8,5.7
6/21/2017,Tawiri,211,708020.4053,9731672.658,ACAROB,6.7,NA,NA,NA,10.1,NA,NA,2.2,2.7,3.4
6/21/2017,Tawiri,212,708019.567,9731673.308,ACAROB,8.6,NA,NA,NA,11.5,NA,NA,2.6,2.5,4.7
6/21/2017,Tawiri,214,708019.6959,9731672.112,ACAROB,7.9,NA,NA,NA,11,NA,NA,2.9,3.5,5.2
6/21/2017,Tawiri,A,708059,9731684,ACAROB,10.5,NA,NA,NA,13.3,NA,NA,3.3,2.8,4.2
6/21/2017,Tawiri,B,708058,9731685,ACAROB,7.9,NA,NA,NA,12,NA,NA,3.2,2.2,4
6/21/2017,Tawiri,C,708059,9731683,ACAROB,10.4,NA,NA,NA,13.7,NA,NA,3.3,3.3,5
6/21/2017,Tawiri,D,708048,9731682,ACAROB,12.3,NA,NA,NA,13.8,NA,NA,4.5,4.2,5.3
6/21/2017,Tawiri,E,708045,9731682,ACAROB,13.4,NA,NA,NA,18.2,NA,NA,3,3.4,4.3
6/21/2017,Tawiri,F,708052,9731673,ACAROB,9.3,NA,NA,NA,12.2,NA,NA,3.1,2.8,3.7
6/22/2017,Tawiri,Tag 880,708041.4718,9731669.152,ACAROB,13.6,NA,NA,NA,17,NA,NA,5.2,5,6.4
6/22/2017,Tawiri,Tag 881,707993.575,9731674.966,ACAROB,5.6,NA,NA,NA,14.4,NA,NA,4.2,3.8,5.2
6/22/2017,Tawiri,Tag 882,707956.5378,9731678.938,ACATOR,5.9,NA,NA,NA,11.2,NA,NA,4,3.8,3.3
6/22/2017,Tawiri,Tag 883,707850.7359,9731680.771,ACAROB,12.6,NA,NA,NA,21.7,NA,NA,5.5,6.7,6
6/22/2017,Tawiri,Tag 884,707728.3759,9731676.204,ACATOR,10.5,NA,NA,NA,13.4,NA,NA,2.6,2.3,3.7
6/22/2017,Tawiri,Tag 885,707678.0784,9731692.133,ACATOR,7.3,NA,NA,NA,13.5,NA,NA,3.9,3.2,3.8
6/22/2017,Tawiri,Tag 886,707643.5215,9731703.017,ACAROB,13.3,NA,NA,NA,23.8,NA,NA,6.2,4.6,5.7
6/22/2017,Tawiri,Tag 887,707599.8697,9731704.014,ACATOR,10.1,NA,NA,NA,12.2,NA,NA,3.6,3.1,3.3
6/22/2017,Tawiri,Tag 888,707558.4492,9731700.363,ACATOR,11,NA,NA,NA,21.8,NA,NA,4.8,4,4.6
6/22/2017,Tawiri,Tag 889,707538.3091,9731706.324,ACAROB,24,NA,NA,NA,35.2,NA,NA,7.6,7,7.2
6/22/2017,Tawiri,Tag 890,707455.6866,9731722.215,ACATOR,8.3,NA,NA,NA,17.3,NA,NA,4.5,4.1,3.3
6/22/2017,Tawiri,Tag 891,707363.4898,9731732.001,ACAROB,13.5,NA,NA,NA,17,NA,NA,4.3,3.4,3.8
6/22/2017,Tawiri,Tag 892,707290.1918,9731741.761,ACATOR,9.9,NA,NA,NA,19.3,NA,NA,4.8,4.4,4.2
6/22/2017,Tawiri,Tag 893,707253.2314,9731726.971,ACAROB,14.5,NA,NA,NA,19.6,NA,NA,5.3,3.8,5.5
6/22/2017,Tawiri,Tag 894,707188.8697,9731739.833,ACATOR,9.4,NA,NA,NA,18.6,NA,NA,4,3.8,3.5
6/22/2017,Tawiri,Tag 895,707152.625,9731736.963,ACAROB,11.7,NA,NA,NA,23.1,NA,NA,4.3,3.9,6.7
6/22/2017,Tawiri,Tag 896,707099.2125,9731745.398,ACAROB,14.6,NA,NA,NA,17.8,NA,NA,4.5,5,5.8
6/22/2017,Tawiri,Tag 897,707442.7953,9731697.566,ACATOR,11.2,NA,NA,NA,23.2,NA,NA,4.4,2.9,5.1
10/2/2017,Tawiri,W1,708015.7367,9731676.236,ACAROB,6.7,5.2,5.7,NA,9.8,9.6,6.5,4.3,3.6,3.6
10/2/2017,Tawiri,W10,708004.5119,9731683.44,ACAROB,4.8,9.8,3.3,NA,8.5,NA,NA,2.3,2.1,2.9
10/2/2017,Tawiri,W100,707714.6319,9731682.403,COMAFR,7.4,NA,NA,NA,10.5,NA,NA,1.6,1.2,2.8
10/2/2017,Tawiri,W101,707714.8548,9731682.735,ACAROB,6.2,12.1,NA,NA,17,NA,NA,4.6,5.1,3.6
10/2/2017,Tawiri,W102,707690.5052,9731690.62,ACAROB,10.8,13,NA,NA,16.8,1.8,NA,5.8,4.6,4
10/2/2017,Tawiri,W103,707687.0501,9731685.649,ACAROB,5.6,8.5,NA,NA,13.5,NA,NA,3.4,2.3,2.8
10/2/2017,Tawiri,W104,707680.6139,9731696.827,ACAROB,5.6,NA,NA,NA,8.5,NA,NA,2.7,2.5,2.4
10/2/2017,Tawiri,W105,707680.0594,9731698.044,ACAROB,8.1,8.5,NA,NA,17.7,NA,NA,3.2,4.2,1.8
10/2/2017,Tawiri,W106,707677.6133,9731698.822,ACAROB,9.7,9.3,11.2,NA,14,14.9,NA,4.5,2.8,3.8
10/2/2017,Tawiri,W107,707672.4964,9731698.718,ACAROB,10.8,11.6,8.4,NA,21.5,9.5,NA,5.6,5.5,5.4
10/2/2017,Tawiri,W108,707667.9351,9731698.282,ACAROB,8.8,10.7,NA,NA,20.3,NA,NA,5,3.9,5.6
10/2/2017,Tawiri,W109,707667.2634,9731695.187,COMAFR,8.8,NA,NA,NA,10,NA,NA,0.8,0.7,2.2
10/2/2017,Tawiri,W11,707996.2718,9731677.148,ACAROB,17.2,3.7,NA,NA,19,NA,NA,4.6,4.3,6.6
10/2/2017,Tawiri,W110,707663.5892,9731692.648,ACAROB,8.3,7.8,NA,NA,15,NA,NA,4.3,3.6,3.6
10/2/2017,Tawiri,W111,707660.6949,9731691.104,COMAFR,5.6,NA,NA,NA,11.5,NA,NA,1.7,1.3,2.2
10/2/2017,Tawiri,W112,707656.246,9731691.442,COMAFR,10.8,NA,NA,NA,14,NA,NA,1.3,0.8,2.3
10/2/2017,Tawiri,W113,707653.6905,9731693.547,COMAFR,8.2,9.4,NA,NA,18.2,10.8,NA,2.6,3.1,2.8
10/2/2017,Tawiri,W114,707655.5787,9731691.553,ACAROB,7.8,13.6,8.8,NA,19.5,12.8,NA,6.2,5.6,5.2
10/2/2017,Tawiri,W115,707649.3488,9731691.009,ACAROB,7,6.2,NA,NA,11.5,NA,NA,3.4,3,3.8
10/2/2017,Tawiri,W116,707649.5779,9731695.764,ACAROB,6,7.3,3.6,NA,14,NA,NA,3.8,3.4,3.6
10/2/2017,Tawiri,W117,707647.1332,9731697.537,ACAROB,4.8,8.3,4.4,NA,12,NA,NA,3.9,3.5,3.3
10/2/2017,Tawiri,W118,707640.7911,9731696.329,ACAROB,16.6,6,4.8,NA,21.5,NA,NA,7,7.4,3.8
10/2/2017,Tawiri,W119,707630.2236,9731696.233,ACAROB,18.7,NA,NA,NA,28.7,NA,NA,4,3.6,2.4
10/2/2017,Tawiri,W12,707995.7207,9731680.798,ACAROB,8.5,8.3,5.2,NA,13.8,15.1,NA,4.4,3.8,4.2
10/2/2017,Tawiri,W120,707635.6639,9731688.816,ACAROB,3.8,6.2,4.3,NA,12,6.5,NA,2.9,3.2,3.2
10/2/2017,Tawiri,W121,707632.342,9731699.769,ACAROB,19,17.1,NA,NA,23,17.5,NA,9.3,8.9,8.8
10/2/2017,Tawiri,W122,707607.3191,9731703.343,COMAFR,8.2,NA,NA,NA,13.6,NA,NA,1.6,1.4,2.2
10/2/2017,Tawiri,W123,707594.4164,9731703.803,ACAROB,2.8,3.7,4.5,NA,8,NA,NA,2.3,2,2.4
10/2/2017,Tawiri,W124,707591.9648,9731700.599,ACATOR,3.4,5.1,NA,NA,11.5,NA,NA,3.3,2.4,1.8
10/2/2017,Tawiri,W125,707583.0616,9731697.404,ACATOR,3.7,6,NA,NA,11.7,NA,NA,2.2,2.9,2.2
10/2/2017,Tawiri,W126,707575.8329,9731698.52,ACATOR,8.5,11.7,6.1,NA,21,18.5,NA,8.2,5.9,2.8
10/2/2017,Tawiri,W127,707558.478,9731696.885,ACATOR,11.3,9.8,10.7,NA,24.4,NA,NA,5.5,4.3,3.6
10/2/2017,Tawiri,W128,707550.691,9731696.454,ACATOR,7.2,7.8,3.7,NA,10.8,12,NA,3.3,4.5,3.4
10/2/2017,Tawiri,W129,707550.6998,9731702.868,ACATOR,9.4,NA,NA,NA,23.5,NA,NA,3.4,3.6,3.3
10/2/2017,Tawiri,W13,707998.17,9731682.343,ACAROB,12,20.7,8,NA,32.4,NA,NA,7.2,5.1,8.8
10/2/2017,Tawiri,W130,707556.6024,9731708.057,ACATOR,3.5,10.4,NA,NA,8.7,15,NA,3.3,3.6,2.8
10/2/2017,Tawiri,W131,707535.3523,9731704.99,ACATOR,4.4,12.1,NA,NA,17.2,18.4,NA,3.8,4.2,4.8
10/2/2017,Tawiri,W132,707505.8729,9731703.372,ACAROB,13.2,NA,NA,NA,19.1,NA,NA,2.4,2.6,3
10/2/2017,Tawiri,W133,707446.9347,9731715.176,ACATOR,4,NA,NA,NA,9.7,NA,NA,1.8,1.5,2.7
10/2/2017,Tawiri,W134,707446.9269,9731709.536,ALBIZIA,9.8,6.7,NA,NA,17.3,9.8,NA,3.4,2.8,NA
10/2/2017,Tawiri,W135,707263.0784,9731725.936,ACAROB,8.3,NA,NA,NA,13.5,NA,NA,2.7,2.2,3.2
10/2/2017,Tawiri,W136,707255.0771,9731731.476,ACAROB,11.2,NA,NA,NA,15.1,NA,NA,4.3,2.9,3.8
10/2/2017,Tawiri,W137,707254.4098,9731731.588,ACAROB,21,13.2,14.2,NA,33.2,NA,NA,9.2,6.8,7.8
10/2/2017,Tawiri,W138,707250.1796,9731729.161,ALBIZIA,5,7.7,NA,NA,12.5,13.2,NA,3.6,4.4,2.9
10/2/2017,Tawiri,W139,707249.8428,9731726.949,ACAROB,5.9,NA,NA,NA,8.5,NA,NA,0.6,0.4,2.3
10/2/2017,Tawiri,W14,707990.4848,9731675.165,ACAROB,7.2,8.8,5.2,NA,16,12.8,NA,2.8,3.2,3.3
10/2/2017,Tawiri,W140,707251.5116,9731727.168,ALBIZIA,5.4,3.3,NA,NA,11.4,NA,NA,1.5,1.1,2.1
10/2/2017,Tawiri,W141,707252.9519,9731722.964,COMAFR,4.1,3.4,NA,NA,10,NA,NA,0.7,1.1,1.7
10/2/2017,Tawiri,W142,707247.8354,9731723.192,COMAFR,8,NA,NA,NA,11.2,NA,NA,0.5,0.6,2
10/2/2017,Tawiri,W143,707245.8338,9731723.637,ACAROB,10.2,NA,NA,NA,23.8,NA,NA,1.4,2.2,3.1
10/2/2017,Tawiri,W144,707239.8277,9731724.088,ALBIZIA,5.2,NA,NA,NA,7.8,NA,NA,2.1,2,2.3
10/2/2017,Tawiri,W145,707223.8176,9731729.639,COMAFR,6.8,8,NA,NA,9.1,9.5,NA,1.1,0.7,1.4
10/2/2017,Tawiri,W146,707222.7043,9731728.977,ACAROB,26.2,NA,NA,NA,39,NA,NA,1.1,1.7,3.8
10/2/2017,Tawiri,W147,707220.9255,9731729.643,COMAFR,4.5,4.8,NA,NA,6.5,8.5,NA,0.4,1.2,1.2
10/2/2017,Tawiri,W148,707221.9284,9731730.969,COROVA,3.3,2.3,2.4,NA,9.8,NA,NA,2.6,2.7,3.2
10/2/2017,Tawiri,W149,707171.6452,9731727.278,GYMSPP,7.2,8,NA,NA,21.5,NA,NA,2.9,3,2.7
10/2/2017,Tawiri,W15,707995.2861,9731688.319,ACAROB,12,10.1,NA,NA,25.1,NA,7.9,5.8,4.3,5.7
10/2/2017,Tawiri,W150,707167.9724,9731725.735,ALBIZIA,3.2,3.7,7.1,NA,24.5,NA,NA,2.2,2.4,3
10/2/2017,Tawiri,W151,707163.527,9731728.616,COMAFR,6.3,NA,NA,NA,11.6,NA,NA,1.4,1.6,2.3
10/2/2017,Tawiri,W152,707159.4034,9731722.871,COMAFR,6,6.9,11,NA,21.3,NA,NA,2.2,2.6,2.2
10/2/2017,Tawiri,W153,707150.0618,9731724.432,ALBIZIA,3,4.6,7,NA,11.2,13,NA,3.3,2.6,3.4
10/2/2017,Tawiri,W154,707146.3975,9731729.082,COMAFR,7.8,9.5,NA,NA,14.5,10.4,NA,2.7,1.6,2.4
10/2/2017,Tawiri,W16,707991.2841,9731690.094,ACAROB,10.2,9,9.8,NA,19,NA,NA,3.9,4.2,6.2
10/2/2017,Tawiri,W17,707991.1729,9731690.094,ACAROB,10.3,NA,NA,NA,15.1,NA,NA,4.2,3.1,3.8
10/2/2017,Tawiri,W18,707987.1697,9731690.984,ACAROB,9.5,9.2,NA,NA,15,NA,NA,5.3,5,3.6
10/2/2017,Tawiri,W19,707986.9247,9731674.728,ACAROB,9,NA,NA,NA,16.4,NA,NA,2.8,2.4,3.2
10/2/2017,Tawiri,W2,708013.8434,9731674.58,ACAROB,6.2,NA,NA,NA,11.7,NA,NA,3.2,2.4,3.4
10/2/2017,Tawiri,W20,707980.5901,9731678.939,ACAROB,18.2,NA,NA,NA,16.5,NA,NA,4.4,3.6,4
10/2/2017,Tawiri,W21,707976.2573,9731682.816,ACAROB,33.8,NA,NA,NA,38.2,NA,NA,10.1,6.8,5.4
10/2/2017,Tawiri,W22,707967.9274,9731692.006,ACAROB,4.6,9.5,NA,NA,14.7,NA,NA,3.4,3.6,3
10/2/2017,Tawiri,W23,707968.0347,9731689.131,ACAROB,21.3,8.5,5,NA,24.2,14.5,NA,5.5,7.2,3.4
10/2/2017,Tawiri,W24,707964.2479,9731685.708,ACAROB,10.3,12.6,9.2,NA,26.4,NA,NA,7.3,6.2,4.1
10/2/2017,Tawiri,W25,707962.8975,9731674.429,COMAFR,4.9,NA,NA,NA,11.5,NA,NA,1.6,1.8,1.7
10/2/2017,Tawiri,W26,707962.8934,9731671.443,ALBIZIA,7.2,6.6,NA,NA,13.3,NA,NA,1.7,2.2,4.2
10/2/2017,Tawiri,W27,707962.3383,9731672.218,COMAFR,11.5,10.3,8.5,NA,16.2,NA,NA,4.5,4.3,3.1
10/2/2017,Tawiri,W28,707960.2253,9731672.553,COROVA,2.8,3.4,3,NA,7.2,10.5,NA,1.6,2.4,2.4
10/2/2017,Tawiri,W29,707955.0142,9731684.836,ACAROB,5.4,13.4,8.8,NA,26,NA,NA,6.6,6.2,4
10/2/2017,Tawiri,W3,708009.2813,9731673.48,ACAROB,4,NA,NA,NA,13.4,5.4,NA,1.2,1.1,1.6
10/2/2017,Tawiri,W30,707951.5603,9731680.749,ALBIZIA,4.1,NA,NA,NA,7,NA,NA,1,1.4,2.2
10/2/2017,Tawiri,W31,707946.5607,9731685.069,ALBIZIA,6.8,6.3,NA,NA,15,NA,NA,1.5,1.3,2.4
10/2/2017,Tawiri,W32,707945.0034,9731685.071,COMAFR,8.3,NA,NA,NA,14,NA,NA,0.5,0.3,1.4
10/2/2017,Tawiri,W33,707943.8927,9731686.289,ACATOR,7.6,8,NA,NA,11.5,NA,NA,3,3.4,3.4
10/2/2017,Tawiri,W34,707944.3231,9731675.782,ACAROB,9.4,NA,NA,NA,14.3,NA,NA,3,2.8,3
10/2/2017,Tawiri,W35,707944.9905,9731675.781,ALBHAR,5,5.6,6.2,NA,8.5,8.4,NA,2.1,2.4,2.8
10/2/2017,Tawiri,W36,707943.5446,9731675.894,ACATOR,6.8,NA,NA,NA,6.8,NA,NA,3.4,3,3.4
10/2/2017,Tawiri,W37,707930.6561,9731686.528,ACATOR,9.6,8.7,NA,NA,19.2,14,NA,4.5,3.2,2.8
10/2/2017,Tawiri,W38,707926.5286,9731678.019,ACAROB,3.4,4,NA,NA,8.5,NA,NA,2.6,2.4,2.6
10/2/2017,Tawiri,W39,707920.4188,9731683.888,ACATOR,4.2,4,3.5,NA,6.5,10,NA,3,3.3,2.7
10/2/2017,Tawiri,W4,708009.3908,9731672.264,ACAROB,6,NA,NA,NA,11.2,NA,NA,0.9,0.7,1.5
10/2/2017,Tawiri,W40,707920.082,9731681.677,ALBHAR,2.8,NA,NA,NA,7,NA,NA,0.6,0.9,2.2
10/2/2017,Tawiri,W41,707918.4143,9731682.232,ACAROB,9,8.6,NA,NA,16.1,NA,NA,3.6,3.6,3.6
10/2/2017,Tawiri,W42,707917.5241,9731682.012,COMAFR,NA,NA,NA,NA,6,NA,NA,0.5,0.7,1.5
10/2/2017,Tawiri,W43,707915.5238,9731683.453,ALBHAR,3.7,NA,NA,NA,6,4.5,4.9,1.2,1.3,1.7
10/2/2017,Tawiri,W44,707908.4233,9731696.844,ALBHAR,3,4.3,3.2,NA,9.2,8.3,NA,1.5,1.3,2.9
10/2/2017,Tawiri,W45,707908.5321,9731695.074,ALBHAR,4.2,5,NA,NA,9.8,NA,NA,1.6,1.2,2.6
10/2/2017,Tawiri,W46,707907.3109,9731696.846,ALBHAR,4.2,4,NA,NA,8.5,7.1,NA,1.4,1.1,2.5
10/2/2017,Tawiri,W47,707903.8517,9731688.888,ACAROB,7,7.7,14.6,NA,18.2,NA,NA,2.9,3.5,3.2
10/2/2017,Tawiri,W48,707894.2683,9731676.515,ACAROB,5.6,8.4,NA,NA,15.5,NA,NA,4.4,4.1,3.4
10/2/2017,Tawiri,W49,707887.5939,9731676.303,ACAROB,7.8,NA,NA,NA,13.1,NA,NA,3.7,4.1,3
10/2/2017,Tawiri,W5,708010.0593,9731673.037,COMAFR,9.8,NA,NA,NA,19,NA,NA,2.1,3.3,3.3
10/2/2017,Tawiri,W50,707891.6099,9731684.592,ACAROB,16.2,11.3,NA,NA,21.2,NA,NA,5.6,6,6.2
10/2/2017,Tawiri,W51,707886.9357,9731682.939,ACAROB,7.4,12.3,7.2,NA,19.4,NA,NA,6.1,4.5,5.6
10/2/2017,Tawiri,W52,707882.7079,9731682.282,ACAROB,16.2,11.4,NA,NA,24.1,NA,NA,6.7,6.4,5.7
10/2/2017,Tawiri,W53,707880.8149,9731680.847,ACAROB,3.1,NA,NA,NA,6.2,NA,NA,1.2,1.8,2.5
10/2/2017,Tawiri,W54,707881.8113,9731677.417,ACAROB,28.3,NA,NA,NA,41.4,NA,NA,9.6,11.2,6.8
10/2/2017,Tawiri,W55,707875.9265,9731685.166,ACAROB,7.2,NA,NA,NA,13,NA,NA,2.5,2.8,3.5
10/2/2017,Tawiri,W56,707874.1475,9731685.722,ACAROB,7.1,4,4.4,NA,17.8,NA,NA,4.2,4.8,3.4
10/2/2017,Tawiri,W57,707874.4798,9731684.726,ALBHAR,4,3,3.6,NA,7,8.3,NA,1.8,0.9,2.3
10/2/2017,Tawiri,W58,707871.5835,9731681.633,ACAROB,10.4,11.3,3.8,NA,20.1,NA,NA,4.7,3.6,4.4
10/2/2017,Tawiri,W59,707865.912,9731682.747,ACAROB,8.8,9.1,NA,NA,18.3,NA,NA,5,4.2,4.2
10/2/2017,Tawiri,W6,708010.8382,9731673.257,COMAFR,2,12.1,9.3,NA,7.4,NA,NA,1.6,1.3,2.6
10/2/2017,Tawiri,W60,707866.4696,9731683.742,ACAROB,11.8,5.3,NA,NA,16.1,8,NA,4.5,3.4,4.2
10/2/2017,Tawiri,W61,707865.4692,9731684.296,ACAROB,8.7,NA,NA,NA,12.5,NA,NA,3.5,3,3.8
10/2/2017,Tawiri,W62,707864.242,9731681.644,ACAROB,16.8,13.6,5.6,NA,25.4,NA,NA,6.4,6,5.6
10/2/2017,Tawiri,W63,707863.0161,9731679.986,ACAROB,12,NA,NA,NA,17.6,NA,NA,2.5,4.1,3.6
10/2/2017,Tawiri,W64,707857.6857,9731686.408,ACAROB,9.5,8,NA,NA,14,11.2,NA,3.6,4,4
10/2/2017,Tawiri,W65,707854.7977,9731689.398,ACAROB,7,6.8,8,NA,14.2,NA,NA,4.1,3.4,3.3
10/2/2017,Tawiri,W66,707854.9109,9731690.836,ACAROB,5.3,6.1,NA,NA,14.5,NA,NA,3.2,3.5,3.2
10/2/2017,Tawiri,W67,707853.1325,9731691.833,ACAROB,6.4,5.8,NA,NA,10.2,NA,NA,2.7,2.3,3
10/2/2017,Tawiri,W68,707856.2483,9731692.714,ACAROB,6.6,NA,NA,NA,13.2,NA,NA,2.3,2,2
10/2/2017,Tawiri,W69,707853.1211,9731683.539,COMAFR,NA,NA,NA,NA,11.2,NA,NA,0.4,0.3,1.1
10/2/2017,Tawiri,W7,708006.0565,9731674.259,ACAROB,5,3.1,NA,NA,10.3,8.1,NA,3.3,3.1,3.8
10/2/2017,Tawiri,W70,707852.2313,9731683.651,COMAFR,NA,NA,NA,NA,10.7,NA,NA,0.8,0.7,1.6
10/2/2017,Tawiri,W71,707852.454,9731683.761,COMAFR,5.5,NA,NA,NA,10.9,NA,NA,0.7,0.6,0.7
10/2/2017,Tawiri,W72,707853.2341,9731684.866,COMAFR,8.5,NA,NA,NA,13,NA,NA,2.1,2.4,2
10/2/2017,Tawiri,W73,707851.2339,9731686.306,COMAFR,6.2,NA,NA,NA,10.8,NA,NA,1.6,1.2,2.5
10/2/2017,Tawiri,W74,707851.345,9731686.196,COMAFR,4.1,NA,NA,NA,9.5,NA,NA,1,0.8,1.7
10/2/2017,Tawiri,W75,707848.9019,9731689.185,ACAROB,5.6,6.2,8,NA,6.2,13.4,NA,4.6,3.9,3.6
10/2/2017,Tawiri,W76,707843.2267,9731687.534,ACAROB,10.2,4,11.8,NA,18.2,NA,NA,5.7,5.5,3.5
10/2/2017,Tawiri,W77,707842.6555,9731676.697,ACAROB,14,14.2,NA,NA,21.5,NA,NA,6.8,6.2,4.4
10/2/2017,Tawiri,W78,707836.6467,9731675.157,ACAROB,12.1,13.3,NA,NA,22.5,NA,NA,6.2,5.8,6.2
10/2/2017,Tawiri,W79,707837.6464,9731674.16,COMAFR,7.4,NA,NA,NA,12,NA,NA,0.6,0.4,1.7
10/2/2017,Tawiri,W8,708006.3976,9731679.567,ACAROB,9.3,7.1,4.8,NA,22.3,NA,NA,4.8,4.6,6.4
10/2/2017,Tawiri,W80,707813.9737,9731688.902,COMAFR,10.5,NA,NA,NA,16.5,NA,NA,3.9,2.8,3.2
10/2/2017,Tawiri,W81,707809.1937,9731691.12,ACAROB,3.1,1.4,NA,NA,6.5,NA,NA,1.7,2.1,2.8
10/2/2017,Tawiri,W82,707803.8569,9731692.897,COMAFR,7,10.5,NA,NA,16.4,NA,NA,2.4,2.9,3
10/2/2017,Tawiri,W83,707791.9318,9731676.325,ALBIZIA,6,5.8,4.7,NA,10.5,9,NA,2.2,2.6,3.3
10/2/2017,Tawiri,W84,707769.5895,9731687.857,ACAROB,7.6,5.8,6.1,NA,10.1,12.1,NA,3.2,4.5,2.9
10/2/2017,Tawiri,W85,707768.8044,9731683.213,ACAROB,8.2,9.5,NA,NA,16.1,NA,NA,1.3,1.5,2.8
10/2/2017,Tawiri,W86,707772.3611,9731681.107,ACAROB,6,3.4,4.5,NA,12.5,NA,NA,2.4,2.2,3
10/2/2017,Tawiri,W87,707769.3574,9731680.89,ACAROB,12,11.8,NA,NA,18.2,15.5,NA,6.7,5.8,3.6
10/2/2017,Tawiri,W88,707762.6945,9731688.972,COMAFR,9.7,NA,NA,NA,16.3,NA,NA,1,1.1,1.8
10/2/2017,Tawiri,W89,707754.4497,9731679.252,ACAROB,12.2,13.6,12.8,NA,17.1,15.7,17,5.5,7.8,6.4
10/2/2017,Tawiri,W9,708008.2905,9731681.002,ACAROB,8.5,14.6,7.4,NA,16.2,8.2,NA,2.7,2.3,6.2
10/2/2017,Tawiri,W90,707752.6672,9731677.264,ACAROB,12,17.4,10.3,NA,27.5,NA,NA,7,5.7,5.4
10/2/2017,Tawiri,W91,707732.2091,9731683.927,ACAROB,5.5,12.5,14.2,NA,9,19.6,NA,7.2,6.4,3.4
10/2/2017,Tawiri,W92,707730.9822,9731681.496,ACAROB,5.2,9.3,3.7,NA,21.5,NA,NA,4.1,3.8,3.2
10/2/2017,Tawiri,W93,707730.9822,9731681.496,ACAROB,12.8,NA,NA,NA,20,NA,NA,5.4,4.7,5.2
10/2/2017,Tawiri,W94,707725.0835,9731679.182,ACAROB,5,8.6,11.2,NA,13.5,12.8,NA,1.4,1.8,2
10/2/2017,Tawiri,W95,707724.3185,9731689.025,COMAFR,10.3,5.4,5.5,NA,17.2,NA,NA,1.7,1.2,1.9
10/2/2017,Tawiri,W96,707718.3083,9731686.49,COMAFR,10.8,NA,NA,NA,14.5,NA,NA,2.1,1.7,3.2
10/2/2017,Tawiri,W97,707714.0823,9731687.159,COMAFR,10.5,7.8,NA,NA,12.8,12.1,NA,1.2,1.1,2.2
10/2/2017,Tawiri,W98,707712.304,9731688.268,COMAFR,5.2,NA,NA,NA,14,NA,NA,0.9,1.1,2.5
10/2/2017,Tawiri,W99,707711.8532,9731683.955,ACAROB,8.5,NA,NA,NA,12,NA,NA,2.7,1.8,4
10/5/2017,Togoro,T10,728480.5958,9763380.579,ACAROB,18.5,19.2,10,NA,33.5,NA,NA,8.9,8.3,4.4
10/5/2017,Togoro,T11,728481.9854,9763380.54,ACAROB,20.8,21.4,NA,NA,31.2,NA,NA,6.1,7.8,5.2
10/5/2017,Togoro,T12,728490.9722,9763363.739,ACAROB,10.6,15.5,NA,NA,33.5,NA,NA,5.7,5.3,3.6
10/5/2017,Togoro,T13,728496.9993,9763365.363,ACAROB,23.5,NA,NA,NA,36.6,NA,NA,6.8,4,3.2
10/5/2017,Togoro,T14,728523.0753,9763357.698,ACAROB,17.8,6,NA,NA,21.9,NA,NA,3.6,4.4,3
10/5/2017,Togoro,T15,728652.1719,9763322.25,ACAROB,17.1,9.2,12.4,NA,24.2,17.4,NA,5.8,7.5,7.4
10/5/2017,Togoro,T16,728653.6184,9763308.927,ACAROB,14,11.7,NA,NA,29.4,NA,NA,4.7,4.4,4.6
10/5/2017,Togoro,T17,728655.7632,9763301.813,ACAROB,10.7,8.2,NA,NA,14.8,14.2,12.9,4,3.7,4.2
10/5/2017,Togoro,T18,728658.2728,9763309.365,ACAROB,17.4,18.8,NA,NA,28.9,NA,NA,4.7,4.3,6.8
10/5/2017,Togoro,T19,728663.0519,9763305.391,ACAROB,15.5,NA,NA,NA,20,NA,NA,4.8,5.2,5.4
10/5/2017,Togoro,T20,728666.9242,9763306.674,ACAROB,14.1,14.8,NA,NA,20.4,NA,NA,2.9,2.2,6.6
10/5/2017,Togoro,T21,728664.7363,9763309.542,ACAROB,1.5,NA,NA,NA,22.8,NA,NA,1.6,2.3,1.6
10/5/2017,Togoro,T22,728664.5215,9763316.245,ACAROB,9.2,8,8.3,NA,14.8,10.4,NA,4.1,4.8,3.2
10/5/2017,Togoro,T23,728664.7361,9763316.319,ACAROB,20.2,NA,NA,NA,27,NA,NA,4.5,3.7,7.4
10/5/2017,Togoro,T24,728666.8928,9763318.003,ACAROB,9.5,14.4,14.8,NA,27.4,NA,NA,2.4,2.2,6.4
10/5/2017,Togoro,T25,728669.0378,9763317.88,ACAROB,9.5,NA,NA,NA,15.2,NA,NA,2.2,1.8,2.8
10/5/2017,Togoro,T26,728672.4746,9763300.613,ACAROB,18.2,NA,NA,NA,24,NA,NA,3.3,4.1,7.6
10/5/2017,Togoro,T27,728673.6688,9763300.88,ACAROB,8.4,NA,NA,NA,13.8,NA,NA,2,3.6,5.8
10/5/2017,Togoro,T28,728680.369,9763296.69,ACAROB,8.1,8.7,NA,NA,16.4,NA,NA,2.9,3.1,6.8
10/5/2017,Togoro,T29,728680.3501,9763303.477,ACAROB,10.2,NA,NA,NA,17.8,NA,NA,2.2,1.8,5.4
10/5/2017,Togoro,T30,728685.1429,9763309.654,ACAROB,15.2,10,NA,NA,20.4,13.4,NA,4.5,4,4.8
10/5/2017,Togoro,T31,728686.0067,9763306.992,ACAROB,9.7,NA,NA,NA,16.2,NA,NA,2.7,2.2,4.4
10/5/2017,Togoro,T32,728688.0133,9763308.046,ACAROB,5.5,7.6,NA,NA,13.5,NA,NA,2.9,2.4,3.4
10/5/2017,Togoro,T33,728687.6848,9763299.555,ACAROB,15.3,5,9.8,NA,28.4,NA,NA,4.6,5.2,6.4
10/5/2017,Togoro,T34,728691.2486,9763300.366,ACAROB,8.3,10.2,NA,NA,17.1,NA,NA,3.6,4.4,4.4
10/5/2017,Togoro,T35,728686.4438,9763299.176,ACAROB,6.6,NA,NA,NA,10.8,NA,NA,1.8,1.4,3.8
10/5/2017,Togoro,T36,728683.5229,9763297.864,ACAROB,9.3,8.8,NA,NA,14.4,12.9,NA,5.6,6.4,4.4
10/5/2017,Togoro,T37,728697.0909,9763289.289,ACAROB,13.8,NA,NA,NA,18.2,NA,NA,4.8,4.4,4.8
10/5/2017,Togoro,T38,728697.9341,9763292.235,ACAROB,16.2,NA,NA,NA,21,NA,NA,4.4,4.6,5.4
10/5/2017,Togoro,T39,728700.6441,9763303.143,ACAROB,11.4,14.8,NA,NA,25.1,NA,NA,5,4.2,6.6
10/5/2017,Togoro,T40,728700.2157,9763303.57,ACAROB,7.3,10.2,NA,NA,18.1,NA,NA,3.1,3.7,5.4
10/5/2017,Togoro,T41,728695.0051,9763298.822,ACAROB,9.1,8.2,NA,NA,15.4,11.8,NA,3.7,4,4
10/5/2017,Togoro,T42,728692.9603,9763290.101,ACAROB,13.2,NA,NA,NA,20.4,NA,NA,4.7,5.5,5.8
10/5/2017,Togoro,T43,728690.9255,9763295.907,ACAROB,11,12.3,NA,NA,18,NA,NA,4.6,3.4,6.6
10/5/2017,Togoro,T44,728723.6573,9763278.796,ACAROB,13.2,9.3,NA,NA,22.4,NA,NA,3,4.4,4.4
10/5/2017,Togoro,T45,728757.6229,9763291.571,ACAROB,10.5,NA,NA,NA,13.4,NA,NA,3.1,3.8,5.2
10/5/2017,Togoro,T46,728758.8072,9763291.449,ACAROB,9.5,NA,NA,NA,15.2,NA,NA,4.4,2.7,3.6
10/5/2017,Togoro,T47,728762.2276,9763289.6,ACAROB,21.5,NA,NA,NA,33.3,NA,NA,3.7,4.6,3.8
10/5/2017,Togoro,T48,728767.4386,9763287.776,ACAROB,8.6,NA,NA,NA,12,NA,NA,2.2,3.4,4.2
10/5/2017,Togoro,T49,728766.8887,9763287.999,ACAROB,9.1,NA,NA,NA,12.5,NA,NA,2.7,2.5,4.4
10/5/2017,Togoro,T50,728777.6228,9763273.615,ACAROB,14.1,16.2,NA,NA,22.5,NA,NA,7.9,7.3,5.4
10/5/2017,Togoro,T51,728783.3461,9763264.281,ACAROB,8.2,9.2,NA,NA,16.2,NA,NA,3.3,3,3.6
10/5/2017,Togoro,T52,728781.8053,9763262.791,ACAROB,14,5.8,NA,NA,16.8,NA,NA,3.2,4.1,3.8
10/5/2017,Togoro,T53,728792.7974,9763273.817,ACAROB,18.1,9.6,NA,NA,25.4,NA,NA,4.8,4.4,6.2
10/5/2017,Togoro,T54,728792.3412,9763267.43,ACAROB,11.2,8.1,NA,NA,18.4,NA,NA,3.4,2.8,6.2
10/5/2017,Togoro,T55,728791.5109,9763267.32,ACAROB,16.2,12.4,NA,NA,21.4,NA,NA,7.4,5.4,5.8
10/5/2017,Togoro,T56,728791.1175,9763266.097,ACAROB,16.2,6,5.6,NA,22.2,9.8,12.4,4.2,5.1,7.2
10/5/2017,Togoro,T57,728791.248,9763265.976,ACAROB,11,NA,NA,NA,18.4,NA,NA,3.8,4,7
10/5/2017,Togoro,T58,728790.3018,9763262.872,ACAROB,6.2,NA,NA,NA,21.4,NA,NA,2,1.3,3.2
10/5/2017,Togoro,T59,728793.4214,9763259.252,ACAROB,11.2,7,6.7,NA,18.5,NA,NA,4.5,3.7,6.4
10/5/2017,Togoro,T60,728794.4801,9763255.886,ACAROB,15.4,NA,NA,NA,23.5,NA,NA,3.3,4.6,4.6
10/5/2017,Togoro,T61,728803.7422,9763263.586,ACAROB,12.1,NA,NA,NA,19.2,NA,NA,3.6,4,5.8
10/5/2017,Togoro,T62,728803.5473,9763264.235,ACAROB,2.2,NA,NA,NA,20.8,NA,NA,0.7,1.1,1.5
10/5/2017,Togoro,T63,728806.5492,9763263.286,ACAROB,11.8,8.5,5,NA,24.1,NA,NA,4.8,6,4.2
10/5/2017,Togoro,T64,728810.1921,9763260.491,ACAROB,10.5,13.5,NA,NA,23.8,NA,NA,5.8,7,6.6
10/5/2017,Togoro,T65,728809.4064,9763258.832,ACAROB,10.4,NA,NA,NA,16.5,NA,NA,4,4.6,NA
10/5/2017,Togoro,T66,728812.5306,9763258.652,ACAROB,14.8,NA,NA,NA,18.7,NA,NA,5,5.2,5.6
10/5/2017,Togoro,T67,728818.1602,9763262.909,ACAROB,18,18.6,NA,NA,25.4,NA,NA,7.2,7.6,7.2
10/5/2017,Togoro,T68,728816.0152,9763263.014,ACAROB,9,NA,NA,NA,19.4,NA,NA,3.8,4.2,4.4
10/5/2017,Togoro,T69,728821.9188,9763255.941,ACAROB,11.8,10.6,NA,NA,19.8,16,NA,3.7,4.5,6.2
10/5/2017,Togoro,T70,728823.2716,9763263.338,ACAROB,7.2,8.5,NA,NA,22.5,NA,NA,2.6,3.2,3.8
10/5/2017,Togoro,T71,728828.1408,9763263.813,ACAROB,10.8,16.5,16.2,NA,23,30.5,NA,7.2,6.7,5.8
10/5/2017,Togoro,T72,728828.1757,9763262.107,ACAROB,11,NA,NA,NA,17.4,NA,NA,3.6,2.7,4.4
10/5/2017,Togoro,T73,728832.8052,9763257.781,ACAROB,5,6.6,10,NA,16,NA,NA,4.2,3.8,4
10/5/2017,Togoro,T74,728829.618,9763245.65,ACAROB,15.4,18.2,NA,NA,36.4,NA,NA,6,5.4,4.4
10/5/2017,Togoro,T75,728840.717,9763252.959,ACAROB,18.2,NA,NA,NA,35.4,NA,NA,3.9,2.8,4.6
10/5/2017,Togoro,T76,728845.8287,9763246.639,ACAROB,10.7,12.6,13,NA,28.8,NA,NA,3.4,4.4,3.8
10/5/2017,Togoro,T77,728858.1935,9763251.897,ACAROB,8.5,9.1,NA,NA,19,NA,NA,4.2,3.7,4.2
10/5/2017,Togoro,T78,728859.4575,9763248.678,ACAROB,9.8,NA,NA,NA,23.4,NA,NA,6.2,3.5,3.4
10/5/2017,Togoro,T79,728861.7952,9763246.163,ACAROB,11.2,12.8,NA,NA,20.8,25.4,NA,5.6,6,4.6
10/5/2017,Togoro,T80,728865.9445,9763245.499,ACAROB,6.2,11.4,NA,NA,17.2,NA,NA,4.6,5.6,4.2
10/5/2017,Togoro,T81,728937.8505,9763216.654,ACAROB,8.3,10.6,NA,NA,16,17.3,NA,5.2,6.6,7.4
10/5/2017,Togoro,T82,728937.4766,9763216.015,ACAROB,12.1,14.6,14.4,NA,39.8,NA,NA,7.8,9.6,7.6
10/5/2017,Togoro,T83,728935.7547,9763218.548,ACAROB,7.8,NA,NA,NA,12.4,NA,NA,3,2.5,4.8
10/5/2017,Togoro,T84,729167.1984,9763160.657,ACADRE,5,NA,NA,NA,8.4,NA,NA,1.5,1.6,4
10/5/2017,Togoro,T85,729175.9336,9763157.836,ACADRE,3.3,4.1,NA,NA,6.3,NA,NA,0.8,1,2.2
10/5/2017,Togoro,T86,729178.9523,9763148.58,ACADRE,6,NA,NA,NA,7.8,NA,NA,2,1.8,3.4
10/5/2017,Togoro,T87,729181.9228,9763152.108,ACADRE,5.4,NA,NA,NA,7.5,NA,NA,0.4,0.5,2.4
10/5/2017,Togoro,T88,729182.8944,9763153.238,ACADRE,5.8,NA,NA,NA,10.6,NA,NA,1.7,1,3
10/5/2017,Togoro,T89,729188.0055,9763153.426,ACADRE,3.8,NA,NA,NA,7.4,NA,NA,1.5,1.2,3.1
10/5/2017,Togoro,T90,729189.7316,9763153.906,ACADRE,4,NA,NA,NA,9.8,NA,NA,1.8,1.4,2.8
10/5/2017,Togoro,T91,729188.1021,9763149.004,ACADRE,5.3,NA,NA,NA,8.4,NA,NA,1.5,0.8,2
10/5/2017,Togoro,T92,729192.3021,9763151.269,ACADRE,5.2,NA,NA,NA,9,NA,NA,0.8,1,3.2
10/5/2017,Togoro,T93,729192.9243,9763156.163,ACADRE,3,NA,NA,NA,5.8,NA,NA,2.1,1.2,2.8
10/5/2017,Togoro,T94,729253.9027,9763150.352,ACADRE,5.6,NA,NA,NA,8,NA,NA,2.6,2.1,3
10/5/2017,Togoro,T95,729264.5145,9763142.096,ACADRE,6.2,NA,NA,NA,10.8,NA,NA,3,2.8,3.4
10/5/2017,Togoro,T96,729265.2657,9763138.999,ACADRE,4.4,NA,NA,NA,7.2,NA,NA,11,0.8,2.4
10/5/2017,Togoro,T97,729267.9693,9763138.189,ACADRE,3.3,3.5,2.2,NA,9.3,NA,NA,1.9,2.3,2.7
10/5/2017,Togoro,T98,729352.3514,9763114.055,ACADRE,6.4,NA,NA,NA,11,NA,NA,3.5,3,4
10/5/2017,Togoro,T99,729359.0339,9763103.737,ACADRE,5.3,NA,NA,NA,8.5,NA,NA,1.9,2.1,3.6
6/24/2017,Togoro,Tag 1829,728425.3518,9763399.158,ACAROB,18.8,13.5,NA,NA,30,NA,NA,6,5.5,6.5
6/24/2017,Togoro,Tag 1930,728425.3238,9763399.158,ACAROB,16.7,26,16.8,NA,20,33.2,NA,9.3,8,7.6
6/24/2017,Togoro,Tag 1931,728637.0866,9763318.961,ACAROB,16.7,NA,NA,NA,18.6,NA,NA,4.3,5.2,6.2
6/24/2017,Togoro,Tag 1932,728767.3073,9763280.211,ACAROB,18.6,NA,NA,NA,26.4,NA,NA,6,6.7,5
6/24/2017,Togoro,Tag 1933,728849.2276,9763249.656,ACATOR,19,9.4,NA,NA,22,NA,NA,4.2,3.8,5.2
6/24/2017,Togoro,Tag 1934,728923.0014,9763208.683,ACATOR,14.9,10,NA,NA,23.2,NA,NA,5.3,4.7,4.5
6/24/2017,Togoro,Tag 1935,728991.171,9763258.801,ACAROB,22,NA,NA,NA,30,NA,NA,5.2,5.7,4.7
6/24/2017,Togoro,Tag 1936,728882.4731,9763219.139,ACAROB,14.5,21,NA,NA,26.1,NA,NA,6.2,6,9.8
6/24/2017,Togoro,Tag 1938,728705.1444,9763292.912,ACAROB,11.5,21,22.3,NA,30.5,15.2,NA,7.5,8.2,6
6/24/2017,Togoro,Tag 1939,728497.0178,9763358.28,ACAROB,17.1,7.1,11,NA,19,NA,NA,5.8,6.7,5.5
6/24/2017,Togoro,Tag 1940,728440.4699,9763392.064,ACATOR,11.2,NA,NA,NA,14.2,NA,NA,2.6,3,3.9
6/24/2017,Togoro,Tag 1941,728670.52,9763540.021,ACATOR,11.8,NA,NA,NA,12.3,NA,NA,2.6,3.5,5
6/24/2017,Togoro,Tag 1942,728234.7661,9763232.866,ACATOR,9.5,7.4,NA,NA,15.7,NA,NA,3.2,2.8,3.2
6/24/2017,Togoro,Tag 1943,728243.4189,9763224.307,ACATOR,12,NA,NA,NA,14.8,NA,NA,3.7,3,4.3
6/24/2017,Togoro,Tag 1944,728237.5882,9763209.213,ACATOR,13.5,NA,NA,NA,18.5,NA,NA,3.2,4.3,5.6
6/24/2017,Togoro,Tag 1945,728225.3249,9763182.011,ACATOR,14,NA,NA,NA,17.7,NA,NA,3.3,4.9,3.5
6/24/2017,Togoro,Tag1937,728793.9874,9763264.026,ACAROB,17.2,NA,NA,NA,19.5,NA,NA,4.9,5.8,6.9
10/5/2017,Togoro,Tag1946,728420.8041,9763394.918,ACAROB,14.7,NA,NA,NA,22.3,NA,NA,6.5,4.8,5
10/5/2017,Togoro,Tag1947,728421.4317,9763396.994,ACAROB,13.6,NA,NA,NA,19,NA,NA,3.6,4.1,5.2
10/5/2017,Togoro,Tag1948,728427.7436,9763402.334,ACAROB,8.3,9.6,8.2,NA,15.5,14,NA,4.8,5.2,4.4
10/5/2017,Togoro,Tag1949,728428.9659,9763402.713,ACAROB,11.4,NA,NA,NA,16,NA,NA,3.6,5,5.4
10/5/2017,Togoro,Tag1950,728433.0484,9763400.825,ACAROB,11.7,NA,NA,NA,18.2,NA,NA,3.5,2.6,5.2
10/5/2017,Togoro,Tag1951,728440.5075,9763392.323,ACAROB,10.4,13.2,NA,NA,20.5,NA,NA,3.8,5.3,4.8
10/5/2017,Togoro,Tag1952,728450.1319,9763384.913,ACAROB,15.6,14,NA,NA,27.5,NA,NA,3.8,4.2,4.4
10/5/2017,Togoro,Tag1953,728452.6697,9763385.679,ACAROB,8.7,10,NA,NA,15.5,16,NA,3.5,4,4.6
10/5/2017,Togoro,Tag1954,728479.2595,9763371.728,ACAROB,15.6,14.4,NA,NA,27,NA,NA,4,3.3,7.4
