Date,Site,ID,X,Y,Species,Ht,Diam,Can1,Can2,Seedl_Respr
8/11/2017,Four Seasons,SDG199,714038.826,9754599.793,ACASEN,16,0.2,59,19,R
8/11/2017,Four Seasons,SDG200,714043.2758,9754579.607,ACASEN,14,0.4,12,19,R
8/11/2017,Four Seasons,SDG201,714124.7077,9754389.106,ACASEN,11,0.5,36,28,R
8/11/2017,Four Seasons,SDG202,714159.8919,9754324.625,ACASEN,15,0.5,16,10,S
8/11/2017,Four Seasons,SDG203,714195.8017,9754266.02,ACASEN,12,0.3,23,15,R
8/11/2017,Four Seasons,SDG204,714209.2434,9754240.566,ACASEN,15,0.3,16,8,R
8/11/2017,Four Seasons,SDG205,714336.2638,9753969.987,ACASEN,9,0.3,11,17,R
8/11/2017,Four Seasons,SDG206,714369.3521,9753914.621,ACAROB,28,0.6,15,31,R
8/11/2017,Four Seasons,SDG207,714414.6865,9753768.255,ACATOR,12,0.6,20,18,R
8/10/2017,Ikoma,SDG116,692601.8336,9757209.127,ACADRE,28,0.5,40,32,R
8/10/2017,Ikoma,SDG117,692602.4398,9757209.256,ACADRE,10,0.4,8,17,R
8/10/2017,Ikoma,SDG118,692603.4581,9757210.803,ACADRE,21,0.3,11,22,R
8/10/2017,Ikoma,SDG119,692604.0894,9757208.476,ACADRE,20,0.3,4,23,S
8/10/2017,Ikoma,SDG120,692604.3494,9757207.558,ACADRE,37,0.2,17,8,R
8/10/2017,Ikoma,SDG121,692604.6952,9757208.262,ACADRE,15,0.1,18,20,R
8/10/2017,Ikoma,SDG122,692605.6189,9757208.743,ACADRE,30,0.4,41,29,R
8/10/2017,Ikoma,SDG123,692610.0261,9757205.957,ACADRE,31,0.3,19,20,S
8/10/2017,Ikoma,SDG124,692618.7348,9757197.623,ACADRE,23,0.2,29,8,R
8/10/2017,Ikoma,SDG125,692626.0961,9757193.277,ACADRE,21,0.4,50,9,R
8/10/2017,Ikoma,SDG126,692652.252,9757178.036,ACADRE,31,0.4,31,19,R
8/10/2017,Ikoma,SDG127,692657.2084,9757174.416,ACADRE,22,0.5,21,17,R
8/10/2017,Ikoma,SDG128,692661.3638,9757171.602,ACADRE,20,0.3,28,27,R
8/10/2017,Ikoma,SDG129,692676.5353,9757164.16,ACADRE,32,0.5,19,30,R
8/10/2017,Ikoma,SDG130,692676.5257,9757163.984,ACADRE,32,0.4,25,29,R
8/10/2017,Ikoma,SDG131,692682.8316,9757158.091,ACADRE,28,0.2,16,26,R
8/10/2017,Ikoma,SDG132,692682.9429,9757157.572,ACADRE,33,0.4,20,19,R
8/10/2017,Ikoma,SDG133,692704.618,9757129.888,ACADRE,20,0.2,26,28,R
8/10/2017,Ikoma,SDG134,692717.127,9757126.074,ACADRE,22,0.5,26,20,R
8/10/2017,Ikoma,SDG135,692717.6388,9757125.22,ACADRE,24,0.4,17,14,R
8/10/2017,Ikoma,SDG136,692753.0304,9757105.844,ACADRE,22,0.4,10,20,R
8/10/2017,Ikoma,SDG137,692753.0964,9757106.465,ACADRE,31,0.5,25,10,R
8/10/2017,Ikoma,SDG138,692758.9624,9757099.247,ACAMEL,52,0.5,16,12,R
8/10/2017,Ikoma,SDG139,692762.9674,9757095.396,ACAMEL,45,0.7,15,34,R
8/10/2017,Ikoma,SDG140,692776.3577,9757087.734,ACADRE,37,0.3,25,36,R
8/10/2017,Ikoma,SDG141,692774.6676,9757085.613,ACASEY,60,1.8,37,56,R
8/10/2017,Ikoma,SDG142,692779.2806,9757083.42,ACADRE,30,1.3,58,33,R
8/10/2017,Ikoma,SDG143,692791.507,9757077.187,ACADRE,32,0.5,39,32,R
8/10/2017,Ikoma,SDG144,692790.1051,9757074.38,ACADRE,31,0.4,30,9,R
8/10/2017,Ikoma,SDG145,692790.5064,9757074.685,ACADRE,26,0.4,47,21,R
8/10/2017,Ikoma,SDG146,692794.4334,9757075.941,ACADRE,31,0.4,31,15,R
8/10/2017,Ikoma,SDG147,692794.8886,9757074.495,ACADRE,32,0.4,41,23,R
8/10/2017,Ikoma,SDG148,692794.8298,9757072.066,ACADRE,52,0.4,16,7,R
8/10/2017,Ikoma,SDG149,692794.6065,9757072.391,ACADRE,35,0.3,26,25,R
8/10/2017,Ikoma,SDG150,692796.341,9757072.565,ACAMEL,40,0.5,37,25,R
8/10/2017,Ikoma,SDG151,692802.5192,9757069.175,ACAMEL,30,1.1,50,25,R
8/10/2017,Ikoma,SDG152,692805.7138,9757066.02,ACADRE,12,0.5,11,19,R
8/10/2017,Ikoma,SDG153,692807.8404,9757066.564,ACADRE,31,0.5,32,41,R
8/10/2017,Ikoma,SDG154,692816.9549,9757062.466,ACADRE,33,0.4,21,19,R
8/10/2017,Ikoma,SDG155,692821.055,9757060.218,ACASEY,100,1.1,98,59,R
8/10/2017,Ikoma,SDG156,692819.709,9757057.383,ACADRE,29,0.2,19,22,R
8/10/2017,Ikoma,SDG157,692821.9665,9757058.289,ACADRE,21,0.5,39,13,R
8/10/2017,Ikoma,SDG158,692821.2196,9757057.428,ACAMEL,56,0.7,35,20,R
8/10/2017,Ikoma,SDG159,692823.2308,9757054.895,ACADRE,33,0.5,29,30,R
8/10/2017,Ikoma,SDG160,692824.9945,9757056.163,ACAMEL,33,0.9,39,51,R
8/10/2017,Ikoma,SDG161,692826.1795,9757056.764,ACADRE,23,0.2,19,13,R
8/10/2017,Ikoma,SDG162,692829.2896,9757053.155,ACADRE,39,0.4,17,14,R
8/10/2017,Ikoma,SDG163,692830.7803,9757052.106,ACADRE,30,0.4,49,31,R
8/10/2017,Ikoma,SDG164,692855.824,9757034.605,ACADRE,30,0.4,30,29,R
8/10/2017,Ikoma,SDG165,692856.2716,9757034.632,ACADRE,21,0.3,37,18,R
8/10/2017,Ikoma,SDG166,692857.0916,9757034.177,ACADRE,12,0.3,14,11,R
8/10/2017,Ikoma,SDG167,692865.2632,9757029.088,ACADRE,17,0.3,20,28,R
8/10/2017,Ikoma,SDG168,692867.6026,9757028.158,ACAMEL,34,0.7,31,36,R
8/10/2017,Ikoma,SDG169,692890.501,9757010.085,ACAMEL,42,0.5,23,28,R
8/10/2017,Ikoma,SDG170,692891.3483,9757009.018,ACASEY,63,1.3,80,50,R
8/10/2017,Ikoma,SDG171,692905.7483,9757003.672,ACASEY,61,1.3,58,55,R
8/10/2017,Ikoma,SDG172,692905.7762,9757003.7,ACAMEL,50,1.7,76,64,R
8/10/2017,Ikoma,SDG173,692907.3888,9757003.16,ACADRE,23,0.4,17,20,R
8/10/2017,Ikoma,SDG174,692913.5743,9756998.12,ACADRE,14,0.4,21,18,R
8/10/2017,Ikoma,SDG175,692933.2523,9756985,ACADRE,28,0.5,38,21,R
8/10/2017,Ikoma,SDG176,692935.8573,9756980.029,ACADRE,41,0.5,22,20,R
8/10/2017,Ikoma,SDG177,692940.4707,9756978.124,ACAMEL,28,0.4,24,22,R
8/10/2017,Ikoma,SDG178,692954.5963,9756969.329,ACADRE,49,0.8,21,22,R
8/10/2017,Ikoma,SDG179,692968.4238,9756960.786,ACADRE,39,0.4,32,21,R
8/10/2017,Ikoma,SDG180,692976.596,9756956.272,ACADRE,38,0.4,39,25,R
8/10/2017,Ikoma,SDG181,692985.6624,9756950.802,ACADRE,40,0.4,29,11,R
8/10/2017,Ikoma,SDG182,692987.1068,9756950.114,ACAMEL,29,0.6,43,78,R
8/10/2017,Ikoma,SDG183,693023.6943,9756924.749,ACADRE,21,0.3,9,12,R
8/10/2017,Ikoma,SDG184,693063.6512,9756910.299,ACADRE,29,1,24,25,R
8/10/2017,Ikoma,SDG185,693067.6659,9756906.716,ACAMEL,19,0.1,10,18,R
8/10/2017,Ikoma,SDG186,693076.3035,9756901.413,ACADRE,25,0.4,26,20,R
8/10/2017,Ikoma,SDG187,693084.1104,9756895.463,ACAMEL,28,0.4,41,46,R
8/10/2017,Ikoma,SDG188,693094.1892,9756886.701,ACADRE,26,0.5,84,40,R
8/10/2017,Ikoma,SDG189,693100.014,9756884.127,ACADRE,24,0.4,22,31,R
8/10/2017,Ikoma,SDG190,693114.5385,9756873.572,ACADRE,27,0.1,39,27,R
8/10/2017,Ikoma,SDG191,693124.2074,9756865.079,ACATOR,25,0.5,41,54,R
8/10/2017,Ikoma,SDG192,693124.915,9756864.253,ACADRE,38,0.5,16,18,R
8/10/2017,Ikoma,SDG193,693129.565,9756861.681,ACADRE,21,0.3,28,21,R
8/10/2017,Ikoma,SDG194,693136.4521,9756858.632,ACADRE,31,0.3,23,11,R
8/10/2017,Ikoma,SDG195,693143.1461,9756849.81,ACADRE,24,1,85,56,R
8/10/2017,Ikoma,SDG196,693176.636,9756830.807,ACAROB,82,1.1,72,58,R
8/10/2017,Ikoma,SDG197,693204.6417,9756810.651,ACATOR,3,0.7,102,81,R
8/10/2017,Ikoma,SDG198,693210.428,9756807.094,ACATOR,18,0.5,13,4,R
7/5/2017,Makoma,SDG1,695066.2776,9727202.299,ACASEN,27.5,0.4,65.5,10,R
7/5/2017,Makoma,SDG10,694960.1233,9727099.061,ACATOR,23.2,0.6,27.3,44.5,R
7/5/2017,Makoma,SDG11,694950.8843,9727091.769,ACATOR,39.3,0.6,49.4,35.6,R
7/5/2017,Makoma,SDG12,694952.0919,9727088.542,ACASEN,44,0.8,49.7,38.2,R
7/5/2017,Makoma,SDG13,694950.7229,9727089.601,ACASEN,33.5,0.5,41.2,46.2,R
7/5/2017,Makoma,SDG14,694937.3904,9727074.704,ACATOR,32.8,0.6,52.5,92,R
7/5/2017,Makoma,SDG15,694947.5686,9727087.13,ACASEN,17.9,0.5,4.5,2.3,R
7/5/2017,Makoma,SDG16,694947.5168,9727083.2,ACATOR,17.9,0.4,8.6,11.3,S
7/5/2017,Makoma,SDG17,694932.9761,9727071.142,ACASEN,44.3,1,41.5,53.2,R
7/5/2017,Makoma,SDG18,694931.1421,9727066.111,ACASEN,20,0.5,16.5,27.2,R
7/5/2017,Makoma,SDG19,694920.8507,9727038.447,ACASEN,19,0.7,27,12,R
7/5/2017,Makoma,SDG2,695050.7817,9727186.979,ACASEN,15.2,0.5,5,17.5,S
7/5/2017,Makoma,SDG20,694899.708,9727011.131,ACAROB,28.5,0.5,13.2,35.6,R
7/5/2017,Makoma,SDG21,694898.0273,9727002.106,ACATOR,30.1,0.4,43.2,44.5,R
7/5/2017,Makoma,SDG22,694894.6317,9727000.432,ACASEN,7.5,1.4,22.2,22.3,R
7/5/2017,Makoma,SDG23,694871.9026,9726971.923,ACAROB,24.5,0.4,21,19,R
7/5/2017,Makoma,SDG24,694874.2743,9726967.693,ACASEN,16,0.6,36,35,R
7/5/2017,Makoma,SDG25,694802.7401,9726889.14,ACASEN,20.1,0.6,34.3,42.3,R
7/5/2017,Makoma,SDG26,694803.6353,9726889.324,ACASEN,27.4,0.8,22.5,25.3,R
7/5/2017,Makoma,SDG27,694762.5238,9726826.933,ACAROB,29.7,0.5,40.1,12.6,R
7/5/2017,Makoma,SDG28,694761.6386,9726820.223,ACAROB,26,0.4,33.5,15.2,R
7/5/2017,Makoma,SDG29,694761.4244,9726820.436,ACAROB,25.1,0.6,51.3,66.5,R
7/5/2017,Makoma,SDG3,695048.1672,9727183.794,ACASEN,14.4,0.3,31,22.2,R
7/5/2017,Makoma,SDG30,694762.8313,9726819.73,ACAROB,43.5,0.7,62.3,62.5,R
7/5/2017,Makoma,SDG31,694760.1826,9726819.02,ACAROB,25.7,0.5,40.1,19.3,R
7/5/2017,Makoma,SDG32,694755.0293,9726813.53,ACACIA SPP,21.5,0.4,12.3,32.3,R
7/5/2017,Makoma,SDG33,694751.1083,9726809.401,ACAROB,30.6,0.4,50.1,21.3,R
7/5/2017,Makoma,SDG34,694720.1191,9726780.717,ACASEN,7.5,0.3,5.4,3.7,R
7/5/2017,Makoma,SDG35,694698.3043,9726766.805,ACAROB,37,0.5,21,19,R
7/5/2017,Makoma,SDG36,694665.4489,9726701.511,ACASEN,26,1,54,26,R
7/5/2017,Makoma,SDG37,694641.0987,9726666.618,ACASEN,10.5,1,14.2,39.3,S
7/5/2017,Makoma,SDG38,694639.7192,9726666.805,ACASEN,19.1,0.1,17.5,16.2,S
7/5/2017,Makoma,SDG39,694626.5889,9726656.71,ACAROB,46.5,0.6,50.2,43.4,R
7/5/2017,Makoma,SDG4,695017.7403,9727157.492,ACATOR,18,0.4,28.2,34.3,S
7/5/2017,Makoma,SDG40,694626.8172,9726653.104,ACAROB,30.1,0.1,3.5,2.6,S
7/5/2017,Makoma,SDG41,694626.6001,9726651.083,ACAROB,33.4,0.2,11.6,9.3,S
7/5/2017,Makoma,SDG42,694628.3825,9726652.407,ACAROB,47.2,0.7,20.5,30.6,S
7/5/2017,Makoma,SDG43,694603.3247,9726625.365,ACASEN,30.2,0.5,9,10.6,R
7/5/2017,Makoma,SDG44,694519.1343,9726549.618,ACASEN,25.3,0.7,21.3,8.2,R
7/5/2017,Makoma,SDG45,694516.3261,9726548.055,ACASEN,22.4,0.5,56.1,27.2,R
7/5/2017,Makoma,SDG46,694514.5019,9726550.31,ACASEN,27.3,0.4,22.1,26.3,R
7/5/2017,Makoma,SDG47,694514.2468,9726547.845,ACASEN,26.1,0.4,67.4,27.7,R
7/5/2017,Makoma,SDG48,694507.0206,9726532.838,ACASEN,17.5,0.3,20.3,9.4,R
7/5/2017,Makoma,SDG49,694500.9794,9726525.654,ACATOR,25.5,0.8,25.7,26.2,R
7/5/2017,Makoma,SDG5,694993.9519,9727131.579,ACASEN,20,0.5,25.5,21.1,R
7/5/2017,Makoma,SDG50,694499.7765,9726525.442,ACATOR,34.6,0.4,32.5,18.4,R
7/5/2017,Makoma,SDG51,694500.3482,9726527.666,ACATOR,18.5,0.3,8.6,24.4,R
7/5/2017,Makoma,SDG52,694499.0416,9726526.657,ACATOR,34.5,0.3,27.2,22.1,R
7/5/2017,Makoma,SDG53,694497.3878,9726523.823,ACATOR,21,0.6,12.2,31.2,R
7/5/2017,Makoma,SDG54,694496.0229,9726520.914,ACATOR,11.5,0.4,20.1,10.2,R
7/5/2017,Makoma,SDG55,694468.4099,9726472.038,ACASEN,26.6,0.7,7.2,5.4,R
7/5/2017,Makoma,SDG56,694454.1335,9726455.299,ACATOR,26.5,0.8,17.1,37.3,S
7/5/2017,Makoma,SDG57,694453.8353,9726455.355,ACATOR,26.1,0.3,23.2,17.1,R
7/5/2017,Makoma,SDG58,694453.6674,9726455.299,ACATOR,24.7,0.4,32.3,25.2,R
7/5/2017,Makoma,SDG59,694453.4835,9726450.248,ACATOR,32.5,0.4,13.4,30.5,R
7/5/2017,Makoma,SDG6,694982.4644,9727123.187,ACASEN,17.3,0.4,24.5,34.4,R
7/5/2017,Makoma,SDG60,694451.4436,9726451.539,ACATOR,29.5,0.4,30.2,20.3,R
7/5/2017,Makoma,SDG61,694453.2133,9726450.295,ACATOR,46.5,1,46.5,23.2,R
7/5/2017,Makoma,SDG62,694452.9615,9726450.249,ACATOR,57,0.4,40.3,25.5,R
7/5/2017,Makoma,SDG63,694453.3032,9726447.81,ACATOR,31.5,0.5,18.2,36.5,R
7/5/2017,Makoma,SDG64,694456.2017,9726447.084,ACATOR,22,0.3,38.2,39.5,R
7/5/2017,Makoma,SDG65,694456.3328,9726447.621,ACATOR,31.5,0.6,28.2,83,R
7/5/2017,Makoma,SDG66,694450.8515,9726447.888,ACATOR,43.2,0.5,38.5,31.2,R
7/5/2017,Makoma,SDG7,694977.2835,9727118.012,ACATOR,28.5,0.4,131,52,R
7/5/2017,Makoma,SDG8,694977.0706,9727119.116,ACASEN,16.8,0.4,27.2,24.3,R
7/5/2017,Makoma,SDG9,694962.5874,9727101.218,ACAROB,45,0.4,51,21,R
8/30/2017,Mbuzi Mawe,SDG113,720502.5549,9755357.4,ACASEN,30,0.1,16,10,S
8/30/2017,Mbuzi Mawe,SDG114,720493.0724,9755344.731,ACASEN,34,0.5,59,57,R
8/30/2017,Mbuzi Mawe,SDG115,720489.5791,9755340.592,ACASEN,13,0.2,19,10,R
8/30/2017,Mbuzi Mawe,SDG116,720448.237,9755283.654,ACAROB,50,0.4,40,30,R
8/30/2017,Mbuzi Mawe,SDG117,720442.0749,9755278.295,ACASEN,10,0.1,15,20,R
8/30/2017,Mbuzi Mawe,SDG118,720400.3485,9755233.751,ACASEN,14,0.2,19,18,S
8/30/2017,Mbuzi Mawe,SDG119,720397.053,9755231.095,ACATOR,60,0.3,60,78,R
8/30/2017,Mbuzi Mawe,SDG120,720386.9278,9755211.975,ACAROB,40,0.2,32,40,R
8/30/2017,Mbuzi Mawe,SDG121,692604.6952,9757208.262,ACAROB,27,0.8,53,70,R
8/30/2017,Mbuzi Mawe,SDG122,692605.6189,9757208.743,ACAROB,48,0.5,10,30,R
8/30/2017,Mbuzi Mawe,SDG123,720381.8089,9755198.725,ACASEN,36,0.4,23,30,R
8/30/2017,Mbuzi Mawe,SDG124,692618.7348,9757197.623,ACASEN,22,0.1,23,34,R
8/30/2017,Mbuzi Mawe,SDG125,692626.0961,9757193.277,ACAROB,82,1.5,97,81,R
8/30/2017,Mbuzi Mawe,SDG126,692652.252,9757178.036,ACASEN,13,0.5,8,14,R
8/30/2017,Mbuzi Mawe,SDG127,692657.2084,9757174.416,ACASEN,16,0.5,67,30,R
8/30/2017,Mbuzi Mawe,SDG128,692661.3638,9757171.602,ACATOR,3,0.1,2,8,R
8/30/2017,Mbuzi Mawe,SDG129,692676.5353,9757164.16,ACAROB,56,0.5,56,30,R
8/30/2017,Mbuzi Mawe,SDG130,720181.3165,9754904.989,ACASEN,43,0.5,16,21,R
8/30/2017,Mbuzi Mawe,SDG131,720089.8835,9754768.941,ACAROB,74,1,62,37,R
8/30/2017,Mbuzi Mawe,SDG132,692682.9429,9757157.572,ACAROB,71,0.5,50,31,R
7/24/2017,Simiyu,sdg141,687370.8749,9678421.621,ACADRE,0.43,0.4,0.75,0.5,R
7/24/2017,Simiyu,sdg142,687358.1449,9678384.485,ACATOR,0.4,0.5,1.1,1.2,R
7/24/2017,Simiyu,sdg143,687357.1419,9678382.938,ACATOR,0.4,1,1,0.9,R
7/24/2017,Simiyu,sdg144,687347.774,9678363.711,ACATOR,0.5,1.5,0.8,0.7,R
7/24/2017,Simiyu,sdg145,687344.8719,9678356.085,ACATOR,0.3,0.7,1.1,0.84,R
7/24/2017,Simiyu,sdg146,687332.8208,9678326.91,ACATOR,0.4,0.5,1.3,0.7,R
7/24/2017,Simiyu,sdg147,687306.7301,9678277.077,ACATOR,0.4,1,1.6,0.8,R
7/24/2017,Simiyu,sdg148,687298.3675,9678260.945,ACATOR,0.45,0.5,1.1,0.6,R
7/24/2017,Simiyu,sdg149,687293.4582,9678249.341,ACATOR,0.6,1,1,0.9,R
7/24/2017,Simiyu,sdg150,687287.3334,9678242.715,ACATOR,0.4,0.6,1,1.1,R
7/24/2017,Simiyu,sdg151,687288.3221,9678234.752,ACATOR,0.2,0.3,0.5,0.2,R
7/24/2017,Simiyu,sdg152,687282.2991,9678221.823,ACATOR,0.6,1,0.9,0.8,R
7/24/2017,Simiyu,sdg153,687280.411,9678223.153,ACATOR,0.2,0.6,0.5,0.5,R
7/24/2017,Simiyu,sdg154,687279.4117,9678224.039,ACATOR,0.34,0.9,1,0.74,R
7/24/2017,Simiyu,sdg155,687271.8205,9678203.372,ACATOR,0.54,1,1.2,1.2,R
7/24/2017,Simiyu,sdg156,687266.1274,9678188.009,ACATOR,0.6,1,1,0.8,R
7/24/2017,Simiyu,sdg157,687262.901,9678186.577,ACATOR,0.49,0.7,1.1,0.5,R
7/24/2017,Simiyu,sdg158,687266.0079,9678182.481,ACATOR,0.4,0.6,0.7,0.6,R
7/24/2017,Simiyu,sdg159,687262.5556,9678178.615,ACATOR,0.54,0.6,1.4,1.4,R
7/24/2017,Simiyu,sdg160,687261.1109,9678179.06,ACATOR,1.25,0.5,1.3,0.94,R
7/24/2017,Simiyu,sdg161,687262.7758,9678177.178,ACATOR,0.4,1,0.8,1,R
7/24/2017,Simiyu,sdg162,687255.9727,9678163.033,ACATOR,0.78,1.2,1.2,0.95,R
7/24/2017,Simiyu,sdg163,687236.4634,9678127.787,ACATOR,0.3,0.5,0.5,0.6,R
7/24/2017,Simiyu,sdg164,687240.1291,9678125.57,ACADRE,0.36,0.4,0.54,0.45,S
7/24/2017,Simiyu,sdg165,687235.3283,9678112.197,ACATOR,0.5,0.5,1.34,1.23,R
7/24/2017,Simiyu,sdg166,687227.8692,9678105.463,ACATOR,0.6,0.6,0.8,0.9,R
7/24/2017,Simiyu,sdg167,687221.729,9678088.553,ACATOR,0.9,1.2,1.8,1.6,R
7/24/2017,Simiyu,sdg168,687224.507,9678087.554,ACATOR,0.6,1.2,1.5,1.4,R
7/24/2017,Simiyu,sdg169,687202.7783,9678055.075,ACATOR,0.5,1,1.2,1.1,R
7/24/2017,Simiyu,sdg170,687198.0899,9678042.476,ACATOR,0.6,1.3,0.7,1.5,R
7/24/2017,Simiyu,sdg171,687184.7163,9678021.043,ACATOR,0.64,1.2,2.6,1.5,R
7/24/2017,Simiyu,sdg172,687185.7111,9678017.172,ACATOR,0.57,1,1,0.92,R
7/24/2017,Simiyu,sdg173,687184.1455,9678011.092,ACATOR,0.3,0.9,1.63,1.3,R
7/24/2017,Simiyu,sdg174,687182.9105,9678003.021,ACATOR,0.4,0.8,1.7,0.6,R
7/24/2017,Simiyu,sdg175,687182.2393,9678000.258,ACAXAN,0.6,1.5,1.2,0.8,R
7/24/2017,Simiyu,sdg176,687174.319,9677982.577,ACATOR,0.4,0.5,1.3,0.9,R
7/24/2017,Simiyu,sdg177,687170.6288,9677968.317,ACATOR,0.4,0.5,1.2,0.9,R
7/24/2017,Simiyu,sdg178,687170.6299,9677969.091,ACATOR,0.3,0.4,0.2,0.2,S
7/24/2017,Simiyu,sdg179,687172.8511,9677967.429,ACATOR,0.2,0.2,0.1,0.1,R
7/24/2017,Simiyu,sdg180,687168.7301,9677962.57,ACATOR,0.5,0.5,0.1,0.5,R
7/24/2017,Simiyu,sdg181,687169.5043,9677959.804,ACATOR,0.3,0.4,0.4,0.1,R
7/24/2017,Simiyu,sdg182,687167.0441,9677950.298,ACATOR,0.4,1,1.2,0.9,R
7/24/2017,Simiyu,sdg183,687167.0477,9677952.731,ACATOR,0.6,1,1.5,1.3,R
7/24/2017,Simiyu,sdg184,687161.1499,9677949.201,ACATOR,0.2,0.2,0.03,0.05,S
7/24/2017,Simiyu,sdg185,687159.4726,9677942.79,ACATOR,0.5,0.5,0.7,0.5,R
7/24/2017,Simiyu,sdg186,687159.4726,9677942.79,ACAXAN,0.7,1,0.7,0.6,R
7/24/2017,Simiyu,sdg187,687156.6852,9677937.486,ACATOR,0.35,1.1,0.4,0.7,R
7/24/2017,Simiyu,sdg188,687154.4533,9677931.96,ACATOR,0.3,0.3,0.3,0.4,R
7/24/2017,Simiyu,sdg189,687144.7276,9677896.479,ACATOR,0.4,0.4,0.8,0.9,R
7/24/2017,Simiyu,sdg190,687144.4927,9677888.075,ACATOR,0.7,1,1.1,1.2,R
7/24/2017,Simiyu,sdg191,687145.8279,9677888.736,ACAROB,1.1,1.2,1.4,1.4,R
7/24/2017,Simiyu,sdg192,687145.2622,9677882.213,ACATOR,0.6,1.2,1.7,1.1,R
7/24/2017,Simiyu,sdg193,687137.1139,9677860.662,ACATOR,0.8,1.3,1.6,1.4,R
7/24/2017,Simiyu,sdg194,687097.5962,9677753.679,ACATOR,0.4,0.8,1.4,1.1,R
7/24/2017,Simiyu,sdg195,687095.482,9677752.465,ACATOR,0.7,1,1.4,0.4,R
7/24/2017,Simiyu,sdg196,687089.0003,9677730.248,ACATOR,0.5,0.6,1,0.6,R
7/24/2017,Simiyu,sdg197,687089.2209,9677729.032,ACATOR,0.4,0.4,0.8,0.3,R
7/24/2017,Simiyu,sdg198,687090.4444,9677729.361,ACATOR,0.5,0.7,0.6,1.2,R
7/24/2017,Simiyu,sdg199,687090.6667,9677729.361,ACATOR,0.3,0.4,0.4,0.4,R
7/24/2017,Simiyu,sdg200,687087.3217,9677722.952,ACATOR,0.4,0.5,0.9,0.7,R
7/24/2017,Simiyu,sdg201,687085.8724,9677720.301,ACATOR,0.5,0.6,0.9,0.9,R
7/24/2017,Simiyu,sdg202,687085.428,9677720.523,ACATOR,0.3,0.2,0.1,0.2,S
7/24/2017,Simiyu,sdg203,687084.9818,9677719.528,ACATOR,0.2,0.3,0.7,0.4,R
7/24/2017,Simiyu,sdg204,687085.7583,9677718.31,ACATOR,0.4,0.5,0.6,0.5,R
7/24/2017,Simiyu,sdg205,687087.7598,9677718.529,ACATOR,0.6,0.4,0.8,0.6,S
7/24/2017,Simiyu,sdg206,687088.6503,9677719.191,ACATOR,0.5,0.6,0.5,0.3,R
7/24/2017,Simiyu,sdg207,687088.4289,9677719.855,ACATOR,0.4,0.5,0.8,0.5,R
7/24/2017,Simiyu,sdg208,687086.9818,9677718.64,ACATOR,0.3,0.2,0.1,0.2,S
7/24/2017,Simiyu,sdg209,687086.8656,9677715.323,ACATOR,0.5,0.6,0.2,0.9,R
7/24/2017,Simiyu,sdg210,687082.7371,9677705.377,ACATOR,0.5,0.5,0.9,0.3,R
7/24/2017,Simiyu,sdg211,687068.4587,9677673.662,ACATOR,0.4,0.6,1.5,1.3,R
7/24/2017,Simiyu,sdg212,687042.0968,9677591.097,ACATOR,0.3,0.3,0.9,0.6,R
7/24/2017,Simiyu,sdg213,686959.5763,9677499.881,ACATOR,0.6,0.6,0.8,0.8,R
7/24/2017,Simiyu,sdg214,686955.1205,9677494.137,ACATOR,0.4,1,1.3,1.2,R
7/6/2017,Soit,SDG67,732789.9655,9721072.564,ACATOR,41.1,0.8,62.1,102.1,R
7/6/2017,Soit,SDG68,732794.4921,9721069.497,ACATOR,29.3,0.4,50.2,54.3,R
7/6/2017,Soit,SDG69,732804.9927,9721064.66,ACATOR,20.2,0.6,77.2,60.3,R
7/6/2017,Soit,SDG70,732832.7875,9721064.226,ACATOR,60.1,1,30.3,70.4,R
7/6/2017,Soit,SDG71,732954.1815,9721042.271,ACATOR,30.5,1.4,130.4,108,R
7/6/2017,Soit,SDG72,732981.5607,9721032.641,ACATOR,85,1.8,187,200,R
7/6/2017,Soit,SDG73,733074.393,9720992.311,ACATOR,109,2.2,250,267,R
7/6/2017,Soit,SDG74,733245.2363,9720908.56,ACATOR,61.3,1.2,220,208,R
7/6/2017,Soit,SDG75,733289.2338,9720900.544,ACATOR,82,0.7,91,45.3,R
7/6/2017,Soit,SDG76,733312.7716,9720891.078,ACATOR,55,0.8,190,170,R
7/6/2017,Soit,SDG77,733572.139,9720853.297,ACADRE,47.3,0.7,39,51,R
7/6/2017,Soit,SDG78,733630.8056,9720817.768,ACATOR,51.3,1,160,118,R
7/6/2017,Soit,SDG79,733654.5911,9720817.34,ACATOR,69,1.5,110,130,R
7/6/2017,Soit,SDG80,733794.2845,9720740.796,ACATOR,33,1,140,92,R
7/6/2017,Soit,SDG81,733800.4779,9720730.597,ACATOR,49,0.9,62,36,R
7/7/2017,Tawiri,SDG100,707627.8804,9731699.127,ACASEN,39,1.6,54,48,R
7/7/2017,Tawiri,SDG101,707608.9915,9731699.663,ACAROB,45,0.4,39,34,R
7/7/2017,Tawiri,SDG102,707606.2888,9731700.529,ACAROB,39,0.3,5,5,S
7/7/2017,Tawiri,SDG103,707596.0139,9731707.05,ACAROB,69,0.4,40,43,S
7/7/2017,Tawiri,SDG104,707595.1735,9731706.125,ACAROB,40,0.5,13,23,R
7/7/2017,Tawiri,SDG105,707565.0996,9731702.282,ACAROB,33,0.5,24,9,R
7/7/2017,Tawiri,SDG106,707462.7282,9731710.34,ACATOR,33,0.4,99,83,R
7/7/2017,Tawiri,SDG107,707373.3525,9731724.071,ACAROB,76,1.1,26,14,S
7/7/2017,Tawiri,SDG108,707314.6312,9731723.086,ACATOR,18,0.3,62,36,R
7/7/2017,Tawiri,SDG109,707275.9947,9731730.239,ACAROB,30,0.4,57,35,R
7/7/2017,Tawiri,SDG110,707273.8947,9731728.602,ACAROB,24,0.5,30,24,R
7/7/2017,Tawiri,SDG111,707273.3081,9731729.196,ACATOR,28,0.5,30,32,R
7/7/2017,Tawiri,SDG112,707269.6116,9731732.751,ACAROB,27,0.7,29,16,R
7/7/2017,Tawiri,SDG113,707117.8411,9731745.539,ACATOR,31,0.6,114,58,R
7/7/2017,Tawiri,SDG114,707112.5443,9731744.777,ACAROB,40,0.5,30,34,R
7/7/2017,Tawiri,SDG115,707110.0936,9731745.819,ACACIA,29,0.6,27,39,R
7/7/2017,Tawiri,SDG94,707702.0844,9731683.776,ACASEN,18,0.6,35,20,R
7/7/2017,Tawiri,SDG95,707700.9363,9731682.777,ACASEN,22,0.3,25,16,S
7/7/2017,Tawiri,SDG96,707698.2351,9731684.727,ACASEN,26,0.4,26,45,R
7/7/2017,Tawiri,SDG97,707693.0497,9731690.444,ACASEN,20,0.2,23,27,R
7/7/2017,Tawiri,SDG98,707663.3642,9731691.079,ACAROB,41,0.5,75,26,R
7/7/2017,Tawiri,SDG99,707629.1456,9731697.151,ACASEN,17,0.2,48,16,R
8/30/2017,Togoro,SDG1,728432.7404,9763393.697,ACAROB,76,0.9,23,46,R
8/30/2017,Togoro,SDG10,728523.343,9763355.575,ACAROB,70,0.5,45,60,R
8/30/2017,Togoro,SDG100,729307.0234,9763120.271,ACADRE,26,0.3,62,40,R
8/30/2017,Togoro,SDG101,729309.4389,9763120.277,ACASEN,27,0.1,47,20,R
8/30/2017,Togoro,SDG102,729317.0826,9763117.189,ACASEN,40,0.6,50,36,R
8/30/2017,Togoro,SDG103,729322.8252,9763115.318,ACAHOC,40,0.6,70,68,R
8/30/2017,Togoro,SDG104,729328.994,9763111.305,ACASEN,30,0.2,40,32,R
8/30/2017,Togoro,SDG105,729343.4287,9763109.209,ACADRE,15,0.2,36,27,R
8/30/2017,Togoro,SDG106,729354.2575,9763102.872,ACATOR,37,0.7,55,100,R
8/30/2017,Togoro,SDG107,729357.6819,9763104.026,ACADRE,20,0.2,20,8,R
8/30/2017,Togoro,SDG108,729358.1579,9763104.229,ACADRE,19,0.4,18,20,R
8/30/2017,Togoro,SDG109,729360.0126,9763103.29,ACADRE,15,0.3,20,18,S
8/30/2017,Togoro,SDG11,728531.7518,9763352.921,ACAROB,25,0.2,74,62,R
8/30/2017,Togoro,SDG110,729362.0751,9763104.307,ACADRE,24,0.2,20,20,S
8/30/2017,Togoro,SDG111,729367.2308,9763102.873,ACADRE,18,0.1,10,5,S
8/30/2017,Togoro,SDG112,729369.1352,9763104.233,ACADRE,28,0.6,36,12,R
8/30/2017,Togoro,SDG12,728533.3957,9763354.644,ACAROB,52,0.6,65,97,R
8/30/2017,Togoro,SDG13,728535.9222,9763353.982,ACAROB,54,2.5,87,68,R
8/30/2017,Togoro,SDG14,728549.0867,9763350.562,ACAHOC,46,0.4,52,31,R
8/30/2017,Togoro,SDG15,728549.0295,9763349.635,ACAHOC,29,0.4,79,32,R
8/30/2017,Togoro,SDG16,728559.7964,9763345.764,ACATOR,44,0.7,70,64,R
8/30/2017,Togoro,SDG17,728577.9362,9763338.573,ACAHOC,47,0.2,54,30,R
8/30/2017,Togoro,SDG18,728581.8346,9763338.587,ACAHOC,20,0.2,64,80,R
8/30/2017,Togoro,SDG19,728583.0359,9763337.195,ACAHOC,36,0.4,44,65,R
8/30/2017,Togoro,SDG2,728454.1085,9763380.559,ACAROB,64,0.5,34,41,R
8/30/2017,Togoro,SDG20,728585.6529,9763334.382,ACAHOC,24,0.5,78,20,R
8/30/2017,Togoro,SDG21,728588.4718,9763336.13,ACAHOC,38,0.3,62,59,R
8/30/2017,Togoro,SDG22,728604.2041,9763327.988,ACATOR,70,1,107,100,R
8/30/2017,Togoro,SDG23,728611.3195,9763327.497,ACAHOC,23,0.4,89,40,R
8/30/2017,Togoro,SDG24,728623.0004,9763323.578,ACAHOC,40,0.2,80,64,R
8/30/2017,Togoro,SDG25,728625.9071,9763321.219,ACAHOC,30,0.4,60,50,S
8/30/2017,Togoro,SDG26,728636.6318,9763320.677,UNKOWN,30,0.7,54,36,S
8/30/2017,Togoro,SDG27,728650.6875,9763314.15,ACAHOC,44,0.3,32,7,S
8/30/2017,Togoro,SDG28,728652.7862,9763314.332,ACAHOC,50,0.7,30,54,R
8/30/2017,Togoro,SDG29,728657.6799,9763312.323,ACAHOC,67,0.7,24,27,R
8/30/2017,Togoro,SDG3,728470.1463,9763377.84,ACASEN,26,0.5,22,26,R
8/30/2017,Togoro,SDG30,728659.9096,9763312.784,ACAHOC,10,1.1,17,20,R
8/30/2017,Togoro,SDG31,728701.1323,9763298.582,ACAROB,94,0.5,118,128,R
8/30/2017,Togoro,SDG32,728713.2112,9763292.41,ACAROB,46,0.4,66,54,R
8/30/2017,Togoro,SDG33,728717.389,9763292.052,ACAROB,34,0.1,24,17,R
8/30/2017,Togoro,SDG34,728716.7545,9763291.83,ACAROB,57,0.4,64,45,R
8/30/2017,Togoro,SDG35,728715.7094,9763291.461,ACAROB,77,0.5,70,54,R
8/30/2017,Togoro,SDG36,728721.577,9763292.408,ACAHOC,30,0.3,50,45,R
8/30/2017,Togoro,SDG37,728721.6694,9763291.685,ACAROB,33,0.4,46,20,R
8/30/2017,Togoro,SDG38,728722.8157,9763291.09,ACAROB,70,0.6,80,60,R
8/30/2017,Togoro,SDG39,728730.3968,9763290.069,ACAHOC,5.1,0.5,77,56,R
8/30/2017,Togoro,SDG4,728472.1964,9763376.447,ACASEN,20,0.5,30,15,R
8/30/2017,Togoro,SDG40,728737.1272,9763287.548,ACAHOC,40,0.6,60,24,R
8/30/2017,Togoro,SDG41,728741.4716,9763286.3,ACAROB,64,0.5,77,34,R
8/30/2017,Togoro,SDG42,728749.0871,9763283.128,ACASEN,47,1.5,39,23,R
8/30/2017,Togoro,SDG43,728757.235,9763280.54,ACAROB,50,1.3,90,70,R
8/30/2017,Togoro,SDG44,728762.4128,9763281.627,ACAROB,68,0.6,86,79,R
8/30/2017,Togoro,SDG45,728768.4189,9763281.535,ACAROB,69,0.5,80,54,R
8/30/2017,Togoro,SDG46,728821.0339,9763256.777,ACAROB,52,0.6,77,56,R
8/30/2017,Togoro,SDG47,728818.8632,9763258.606,ACAROB,47,2,12,45,R
8/30/2017,Togoro,SDG48,728853.2646,9763241.641,ACAROB,68,0.4,135,125,R
8/30/2017,Togoro,SDG49,728880.9674,9763230.053,ACAROB,59,0.5,83,100,R
8/30/2017,Togoro,SDG5,728473.6693,9763376,ACASEN,30,1.3,67,70,R
8/30/2017,Togoro,SDG50,728894.1437,9763228.505,ACASEN,33,0.5,20,34,R
8/30/2017,Togoro,SDG51,728897.1555,9763227.954,ACAROB,57,0.5,100,83,R
8/30/2017,Togoro,SDG52,728896.6396,9763225.749,ACAROB,60,0.6,110,120,R
8/30/2017,Togoro,SDG53,728898.5787,9763225.217,ACAROB,56,0.4,77,50,R
8/30/2017,Togoro,SDG54,728900.2211,9763225.929,ACAROB,46,0.3,20,10,S
8/30/2017,Togoro,SDG55,728911.1287,9763222.549,ACAROB,30,0.4,24,16,R
8/30/2017,Togoro,SDG56,728912.3468,9763219.841,ACAROB,60,0.4,80,49,R
8/30/2017,Togoro,SDG57,728914.7346,9763219.967,ACAROB,72,1,120,88,R
8/30/2017,Togoro,SDG58,728948.4859,9763211.977,ACAROB,77,0.8,85,109,R
8/30/2017,Togoro,SDG59,728957.8695,9763212.938,ACASEN,34,0.5,19,24,R
8/30/2017,Togoro,SDG6,728480.9316,9763373.672,ACASEN,29,0.5,30,23,R
8/30/2017,Togoro,SDG60,728995.7971,9763203.486,ACATOR,59,0.6,88,117,R
8/30/2017,Togoro,SDG61,729003.0035,9763201.205,ACAHOC,40,1,40,39,R
8/30/2017,Togoro,SDG62,729005.4528,9763198.504,ACAHOC,49,0.5,54,78,R
8/30/2017,Togoro,SDG63,729006.7125,9763198.994,ACAHOC,40,0.7,50,48,R
8/30/2017,Togoro,SDG64,729009.5582,9763199.824,ACAHOC,30,0.7,112,66,R
8/30/2017,Togoro,SDG65,729018.2937,9763197.254,ACAHOC,16,0.7,40,8,R
8/30/2017,Togoro,SDG66,729020.7351,9763195.693,ACASEN,16,0.3,30,20,R
8/30/2017,Togoro,SDG67,729021.6957,9763195.627,ACAHOC,14,0.5,52,20,R
8/30/2017,Togoro,SDG68,729024.9385,9763193.472,ACASEN,74,1,50,28,R
8/30/2017,Togoro,SDG69,729027.3627,9763192.968,ACASEN,36,1,40,50,R
8/30/2017,Togoro,SDG7,728503.2033,9763366.68,ACASEN,30,0.8,64,60,R
8/30/2017,Togoro,SDG70,729044.9724,9763186.965,ACAHOC,39,0.3,66,56,R
8/30/2017,Togoro,SDG71,729050.0251,9763185.243,ACATOR,30,0.4,67,50,R
8/30/2017,Togoro,SDG72,729055.5253,9763183.428,ACAHOC,48,0.8,114,86,R
8/30/2017,Togoro,SDG73,729059.6095,9763182.792,ACAHOC,36,0.4,87,90,R
8/30/2017,Togoro,SDG74,729061.6054,9763182.845,ACATOR,40,0.6,73,72,R
8/30/2017,Togoro,SDG75,729064.7201,9763182.646,ACAHOC,20,0.4,47,20,S
8/30/2017,Togoro,SDG76,729078.5351,9763177.501,ACASEN,31,0.7,38,30,R
8/30/2017,Togoro,SDG77,729087.5959,9763174.095,ACATOR,40,0.6,100,117,R
8/30/2017,Togoro,SDG78,729119.6987,9763167.804,ACASEN,27,0.7,36,25,R
8/30/2017,Togoro,SDG79,729145.7547,9763159.147,ACAROB,42,0.4,110,96,R
8/30/2017,Togoro,SDG8,728508.9353,9763363.956,ACAROB,42,0.5,14,4,R
8/30/2017,Togoro,SDG80,729148.6975,9763155.871,ACASEN,31,0.8,73,43,R
8/30/2017,Togoro,SDG81,729149.0426,9763155.833,ACASEN,35,0.5,33,36,S
8/30/2017,Togoro,SDG82,729152.3517,9763154.54,ACASEN,40,0.9,35,23,R
8/30/2017,Togoro,SDG83,729154.7574,9763154.129,ACASEN,14,0.3,18,16,R
8/30/2017,Togoro,SDG84,729160.3245,9763153.5,ACAHOC,29,0.9,54,34,R
8/30/2017,Togoro,SDG85,729162.1705,9763153.034,ACASEN,36,0.2,65,10,R
8/30/2017,Togoro,SDG86,729175.401,9763150.152,ACADRE,24,0.4,39,13,R
8/30/2017,Togoro,SDG87,729176.3541,9763151.532,ACADRE,15,0.2,19,10,S
8/30/2017,Togoro,SDG88,729184.8095,9763148.711,ACADRE,13,0.2,14,19,R
8/30/2017,Togoro,SDG89,729192.0449,9763147.209,ACADRE,15,0.1,33,32,R
8/30/2017,Togoro,SDG9,728512.5814,9763363.469,ACAROB,80,0.6,50,16,R
8/30/2017,Togoro,SDG90,729199.003,9763147.598,ACATOR,40,0.5,56,50,R
8/30/2017,Togoro,SDG91,729218.1813,9763142.863,ACASEN,25,0.2,30,30,R
8/30/2017,Togoro,SDG92,729233.9687,9763141.071,ACASEN,43,0.9,30,70,R
8/30/2017,Togoro,SDG93,729250.4333,9763136.562,ACADRE,19,0.3,13,19,S
8/30/2017,Togoro,SDG94,729257.9313,9763136.209,ACASEN,44,0.4,70,52,R
8/30/2017,Togoro,SDG95,729262.1289,9763136.63,ACASEN,24,1,30,28,R
8/30/2017,Togoro,SDG96,729272.4786,9763134.613,ACASEN,28,0.2,30,22,R
8/30/2017,Togoro,SDG97,729273.643,9763133.629,ACADRE,20,0.1,30,19,S
8/30/2017,Togoro,SDG98,729274.9277,9763131.829,ACAHOC,20,0.4,70,63,R
8/30/2017,Togoro,SDG99,729296.9463,9763123.91,ACAHOC,60,1,77,86,R
